M,F,T,S,b
1,1,1,1,170
1,1,1,2,392
1,1,1,3,312
1,1,1,4,109
1,1,1,5,376
1,1,2,1,26
1,1,2,2,300
1,1,2,3,376
1,1,2,4,166
1,1,2,5,3
1,1,3,1,351
1,1,3,2,398
1,1,3,3,124
1,1,3,4,286
1,1,3,5,233
1,1,4,1,219
1,1,4,2,10
1,1,4,3,127
1,1,4,4,158
1,1,4,5,174
1,1,5,1,167
1,1,5,2,289
1,1,5,3,54
1,1,5,4,152
1,1,5,5,127
1,1,6,1,197
1,1,6,2,311
1,1,6,3,253
1,1,6,4,66
1,1,6,5,313
1,1,7,1,183
1,1,7,2,271
1,1,7,3,34
1,1,7,4,89
1,1,7,5,109
1,1,8,1,222
1,1,8,2,94
1,1,8,3,103
1,1,8,4,137
1,1,8,5,385
1,1,9,1,96
1,1,9,2,200
1,1,9,3,379
1,1,9,4,33
1,1,9,5,3
1,1,10,1,337
1,1,10,2,94
1,1,10,3,170
1,1,10,4,165
1,1,10,5,133
1,2,1,1,93
1,2,1,2,361
1,2,1,3,234
1,2,1,4,16
1,2,1,5,368
1,2,2,1,289
1,2,2,2,113
1,2,2,3,270
1,2,2,4,394
1,2,2,5,230
1,2,3,1,197
1,2,3,2,25
1,2,3,3,218
1,2,3,4,61
1,2,3,5,240
1,2,4,1,62
1,2,4,2,113
1,2,4,3,246
1,2,4,4,310
1,2,4,5,216
1,2,5,1,321
1,2,5,2,152
1,2,5,3,103
1,2,5,4,348
1,2,5,5,392
1,2,6,1,258
1,2,6,2,361
1,2,6,3,318
1,2,6,4,90
1,2,6,5,110
1,2,7,1,134
1,2,7,2,368
1,2,7,3,65
1,2,7,4,135
1,2,7,5,4
1,2,8,1,310
1,2,8,2,104
1,2,8,3,370
1,2,8,4,1
1,2,8,5,18
1,2,9,1,159
1,2,9,2,9
1,2,9,3,132
1,2,9,4,98
1,2,9,5,69
1,2,10,1,34
1,2,10,2,314
1,2,10,3,230
1,2,10,4,349
1,2,10,5,334
1,3,1,1,380
1,3,1,2,10
1,3,1,3,80
1,3,1,4,356
1,3,1,5,130
1,3,2,1,269
1,3,2,2,327
1,3,2,3,348
1,3,2,4,69
1,3,2,5,288
1,3,3,1,190
1,3,3,2,127
1,3,3,3,40
1,3,3,4,29
1,3,3,5,397
1,3,4,1,235
1,3,4,2,189
1,3,4,3,218
1,3,4,4,82
1,3,4,5,28
1,3,5,1,112
1,3,5,2,303
1,3,5,3,337
1,3,5,4,12
1,3,5,5,333
1,3,6,1,145
1,3,6,2,52
1,3,6,3,271
1,3,6,4,313
1,3,6,5,103
1,3,7,1,73
1,3,7,2,84
1,3,7,3,40
1,3,7,4,114
1,3,7,5,259
1,3,8,1,221
1,3,8,2,234
1,3,8,3,198
1,3,8,4,247
1,3,8,5,72
1,3,9,1,89
1,3,9,2,105
1,3,9,3,87
1,3,9,4,226
1,3,9,5,14
1,3,10,1,82
1,3,10,2,400
1,3,10,3,148
1,3,10,4,366
1,3,10,5,32
1,4,1,1,324
1,4,1,2,230
1,4,1,3,280
1,4,1,4,357
1,4,1,5,205
1,4,2,1,140
1,4,2,2,105
1,4,2,3,385
1,4,2,4,398
1,4,2,5,233
1,4,3,1,372
1,4,3,2,261
1,4,3,3,109
1,4,3,4,150
1,4,3,5,128
1,4,4,1,182
1,4,4,2,254
1,4,4,3,89
1,4,4,4,90
1,4,4,5,109
1,4,5,1,212
1,4,5,2,74
1,4,5,3,330
1,4,5,4,93
1,4,5,5,178
1,4,6,1,18
1,4,6,2,107
1,4,6,3,75
1,4,6,4,396
1,4,6,5,109
1,4,7,1,140
1,4,7,2,89
1,4,7,3,347
1,4,7,4,67
1,4,7,5,210
1,4,8,1,184
1,4,8,2,381
1,4,8,3,120
1,4,8,4,257
1,4,8,5,128
1,4,9,1,297
1,4,9,2,182
1,4,9,3,399
1,4,9,4,45
1,4,9,5,101
1,4,10,1,25
1,4,10,2,102
1,4,10,3,163
1,4,10,4,121
1,4,10,5,300
1,5,1,1,129
1,5,1,2,42
1,5,1,3,94
1,5,1,4,114
1,5,1,5,60
1,5,2,1,62
1,5,2,2,291
1,5,2,3,216
1,5,2,4,184
1,5,2,5,184
1,5,3,1,236
1,5,3,2,4
1,5,3,3,343
1,5,3,4,182
1,5,3,5,233
1,5,4,1,177
1,5,4,2,262
1,5,4,3,134
1,5,4,4,103
1,5,4,5,179
1,5,5,1,74
1,5,5,2,306
1,5,5,3,135
1,5,5,4,355
1,5,5,5,99
1,5,6,1,302
1,5,6,2,218
1,5,6,3,357
1,5,6,4,390
1,5,6,5,232
1,5,7,1,27
1,5,7,2,181
1,5,7,3,274
1,5,7,4,146
1,5,7,5,277
1,5,8,1,379
1,5,8,2,227
1,5,8,3,64
1,5,8,4,20
1,5,8,5,363
1,5,9,1,166
1,5,9,2,271
1,5,9,3,56
1,5,9,4,3
1,5,9,5,202
1,5,10,1,163
1,5,10,2,91
1,5,10,3,24
1,5,10,4,267
1,5,10,5,273
1,6,1,1,190
1,6,1,2,326
1,6,1,3,248
1,6,1,4,134
1,6,1,5,100
1,6,2,1,155
1,6,2,2,273
1,6,2,3,258
1,6,2,4,62
1,6,2,5,238
1,6,3,1,393
1,6,3,2,222
1,6,3,3,4
1,6,3,4,32
1,6,3,5,222
1,6,4,1,70
1,6,4,2,30
1,6,4,3,375
1,6,4,4,223
1,6,4,5,203
1,6,5,1,47
1,6,5,2,251
1,6,5,3,12
1,6,5,4,135
1,6,5,5,212
1,6,6,1,156
1,6,6,2,357
1,6,6,3,158
1,6,6,4,12
1,6,6,5,208
1,6,7,1,91
1,6,7,2,283
1,6,7,3,267
1,6,7,4,108
1,6,7,5,7
1,6,8,1,233
1,6,8,2,267
1,6,8,3,310
1,6,8,4,41
1,6,8,5,272
1,6,9,1,398
1,6,9,2,42
1,6,9,3,324
1,6,9,4,246
1,6,9,5,374
1,6,10,1,7
1,6,10,2,283
1,6,10,3,241
1,6,10,4,14
1,6,10,5,363
2,1,1,1,240
2,1,1,2,224
2,1,1,3,234
2,1,1,4,280
2,1,1,5,306
2,1,2,1,293
2,1,2,2,69
2,1,2,3,274
2,1,2,4,178
2,1,2,5,342
2,1,3,1,24
2,1,3,2,304
2,1,3,3,218
2,1,3,4,351
2,1,3,5,95
2,1,4,1,81
2,1,4,2,308
2,1,4,3,54
2,1,4,4,292
2,1,4,5,100
2,1,5,1,135
2,1,5,2,322
2,1,5,3,330
2,1,5,4,243
2,1,5,5,42
2,1,6,1,179
2,1,6,2,310
2,1,6,3,17
2,1,6,4,312
2,1,6,5,185
2,1,7,1,52
2,1,7,2,86
2,1,7,3,34
2,1,7,4,56
2,1,7,5,224
2,1,8,1,184
2,1,8,2,26
2,1,8,3,242
2,1,8,4,160
2,1,8,5,298
2,1,9,1,275
2,1,9,2,214
2,1,9,3,257
2,1,9,4,340
2,1,9,5,174
2,1,10,1,219
2,1,10,2,14
2,1,10,3,252
2,1,10,4,164
2,1,10,5,316
2,2,1,1,249
2,2,1,2,330
2,2,1,3,189
2,2,1,4,337
2,2,1,5,100
2,2,2,1,278
2,2,2,2,103
2,2,2,3,380
2,2,2,4,38
2,2,2,5,196
2,2,3,1,248
2,2,3,2,222
2,2,3,3,180
2,2,3,4,332
2,2,3,5,203
2,2,4,1,202
2,2,4,2,139
2,2,4,3,27
2,2,4,4,204
2,2,4,5,241
2,2,5,1,363
2,2,5,2,149
2,2,5,3,184
2,2,5,4,369
2,2,5,5,51
2,2,6,1,222
2,2,6,2,104
2,2,6,3,136
2,2,6,4,25
2,2,6,5,318
2,2,7,1,293
2,2,7,2,106
2,2,7,3,111
2,2,7,4,362
2,2,7,5,332
2,2,8,1,356
2,2,8,2,49
2,2,8,3,318
2,2,8,4,212
2,2,8,5,71
2,2,9,1,382
2,2,9,2,222
2,2,9,3,355
2,2,9,4,378
2,2,9,5,321
2,2,10,1,335
2,2,10,2,243
2,2,10,3,376
2,2,10,4,115
2,2,10,5,182
2,3,1,1,368
2,3,1,2,70
2,3,1,3,71
2,3,1,4,182
2,3,1,5,147
2,3,2,1,312
2,3,2,2,393
2,3,2,3,233
2,3,2,4,284
2,3,2,5,110
2,3,3,1,362
2,3,3,2,288
2,3,3,3,245
2,3,3,4,200
2,3,3,5,327
2,3,4,1,307
2,3,4,2,396
2,3,4,3,397
2,3,4,4,84
2,3,4,5,82
2,3,5,1,396
2,3,5,2,60
2,3,5,3,381
2,3,5,4,292
2,3,5,5,208
2,3,6,1,45
2,3,6,2,76
2,3,6,3,66
2,3,6,4,45
2,3,6,5,185
2,3,7,1,371
2,3,7,2,196
2,3,7,3,193
2,3,7,4,140
2,3,7,5,73
2,3,8,1,301
2,3,8,2,114
2,3,8,3,266
2,3,8,4,347
2,3,8,5,297
2,3,9,1,66
2,3,9,2,379
2,3,9,3,321
2,3,9,4,331
2,3,9,5,194
2,3,10,1,353
2,3,10,2,97
2,3,10,3,147
2,3,10,4,263
2,3,10,5,274
2,4,1,1,106
2,4,1,2,295
2,4,1,3,153
2,4,1,4,314
2,4,1,5,219
2,4,2,1,344
2,4,2,2,288
2,4,2,3,127
2,4,2,4,347
2,4,2,5,286
2,4,3,1,27
2,4,3,2,389
2,4,3,3,253
2,4,3,4,310
2,4,3,5,171
2,4,4,1,97
2,4,4,2,357
2,4,4,3,141
2,4,4,4,309
2,4,4,5,16
2,4,5,1,180
2,4,5,2,375
2,4,5,3,136
2,4,5,4,370
2,4,5,5,16
2,4,6,1,252
2,4,6,2,87
2,4,6,3,343
2,4,6,4,235
2,4,6,5,334
2,4,7,1,307
2,4,7,2,322
2,4,7,3,199
2,4,7,4,283
2,4,7,5,154
2,4,8,1,336
2,4,8,2,330
2,4,8,3,365
2,4,8,4,378
2,4,8,5,170
2,4,9,1,243
2,4,9,2,283
2,4,9,3,46
2,4,9,4,22
2,4,9,5,8
2,4,10,1,221
2,4,10,2,356
2,4,10,3,310
2,4,10,4,322
2,4,10,5,383
2,5,1,1,246
2,5,1,2,355
2,5,1,3,163
2,5,1,4,81
2,5,1,5,74
2,5,2,1,112
2,5,2,2,335
2,5,2,3,250
2,5,2,4,259
2,5,2,5,227
2,5,3,1,185
2,5,3,2,352
2,5,3,3,57
2,5,3,4,94
2,5,3,5,395
2,5,4,1,381
2,5,4,2,248
2,5,4,3,384
2,5,4,4,301
2,5,4,5,304
2,5,5,1,149
2,5,5,2,388
2,5,5,3,29
2,5,5,4,185
2,5,5,5,194
2,5,6,1,369
2,5,6,2,208
2,5,6,3,90
2,5,6,4,307
2,5,6,5,224
2,5,7,1,344
2,5,7,2,391
2,5,7,3,110
2,5,7,4,78
2,5,7,5,157
2,5,8,1,80
2,5,8,2,38
2,5,8,3,177
2,5,8,4,64
2,5,8,5,101
2,5,9,1,386
2,5,9,2,115
2,5,9,3,192
2,5,9,4,270
2,5,9,5,140
2,5,10,1,211
2,5,10,2,298
2,5,10,3,254
2,5,10,4,384
2,5,10,5,127
2,6,1,1,352
2,6,1,2,398
2,6,1,3,24
2,6,1,4,34
2,6,1,5,385
2,6,2,1,88
2,6,2,2,132
2,6,2,3,370
2,6,2,4,49
2,6,2,5,241
2,6,3,1,180
2,6,3,2,132
2,6,3,3,190
2,6,3,4,134
2,6,3,5,42
2,6,4,1,203
2,6,4,2,183
2,6,4,3,19
2,6,4,4,345
2,6,4,5,159
2,6,5,1,221
2,6,5,2,202
2,6,5,3,87
2,6,5,4,14
2,6,5,5,89
2,6,6,1,257
2,6,6,2,361
2,6,6,3,208
2,6,6,4,137
2,6,6,5,241
2,6,7,1,303
2,6,7,2,217
2,6,7,3,243
2,6,7,4,274
2,6,7,5,323
2,6,8,1,341
2,6,8,2,165
2,6,8,3,264
2,6,8,4,66
2,6,8,5,176
2,6,9,1,135
2,6,9,2,373
2,6,9,3,100
2,6,9,4,354
2,6,9,5,155
2,6,10,1,173
2,6,10,2,186
2,6,10,3,71
2,6,10,4,58
2,6,10,5,225
3,1,1,1,172
3,1,1,2,34
3,1,1,3,259
3,1,1,4,330
3,1,1,5,287
3,1,2,1,254
3,1,2,2,65
3,1,2,3,370
3,1,2,4,51
3,1,2,5,261
3,1,3,1,230
3,1,3,2,66
3,1,3,3,59
3,1,3,4,34
3,1,3,5,100
3,1,4,1,182
3,1,4,2,358
3,1,4,3,176
3,1,4,4,47
3,1,4,5,159
3,1,5,1,193
3,1,5,2,196
3,1,5,3,131
3,1,5,4,266
3,1,5,5,116
3,1,6,1,156
3,1,6,2,72
3,1,6,3,323
3,1,6,4,125
3,1,6,5,48
3,1,7,1,141
3,1,7,2,308
3,1,7,3,314
3,1,7,4,76
3,1,7,5,176
3,1,8,1,42
3,1,8,2,101
3,1,8,3,44
3,1,8,4,362
3,1,8,5,59
3,1,9,1,11
3,1,9,2,390
3,1,9,3,394
3,1,9,4,212
3,1,9,5,300
3,1,10,1,39
3,1,10,2,400
3,1,10,3,187
3,1,10,4,378
3,1,10,5,103
3,2,1,1,187
3,2,1,2,315
3,2,1,3,22
3,2,1,4,374
3,2,1,5,208
3,2,2,1,180
3,2,2,2,82
3,2,2,3,23
3,2,2,4,389
3,2,2,5,57
3,2,3,1,242
3,2,3,2,286
3,2,3,3,86
3,2,3,4,345
3,2,3,5,80
3,2,4,1,354
3,2,4,2,45
3,2,4,3,64
3,2,4,4,326
3,2,4,5,283
3,2,5,1,71
3,2,5,2,186
3,2,5,3,347
3,2,5,4,177
3,2,5,5,94
3,2,6,1,170
3,2,6,2,277
3,2,6,3,259
3,2,6,4,99
3,2,6,5,5
3,2,7,1,154
3,2,7,2,82
3,2,7,3,121
3,2,7,4,252
3,2,7,5,240
3,2,8,1,158
3,2,8,2,254
3,2,8,3,251
3,2,8,4,266
3,2,8,5,305
3,2,9,1,152
3,2,9,2,55
3,2,9,3,106
3,2,9,4,233
3,2,9,5,390
3,2,10,1,184
3,2,10,2,215
3,2,10,3,251
3,2,10,4,235
3,2,10,5,351
3,3,1,1,391
3,3,1,2,286
3,3,1,3,337
3,3,1,4,44
3,3,1,5,34
3,3,2,1,343
3,3,2,2,317
3,3,2,3,217
3,3,2,4,211
3,3,2,5,170
3,3,3,1,149
3,3,3,2,19
3,3,3,3,42
3,3,3,4,220
3,3,3,5,168
3,3,4,1,146
3,3,4,2,250
3,3,4,3,331
3,3,4,4,66
3,3,4,5,351
3,3,5,1,93
3,3,5,2,108
3,3,5,3,36
3,3,5,4,132
3,3,5,5,261
3,3,6,1,128
3,3,6,2,345
3,3,6,3,71
3,3,6,4,262
3,3,6,5,201
3,3,7,1,184
3,3,7,2,251
3,3,7,3,143
3,3,7,4,255
3,3,7,5,50
3,3,8,1,299
3,3,8,2,347
3,3,8,3,130
3,3,8,4,385
3,3,8,5,85
3,3,9,1,244
3,3,9,2,169
3,3,9,3,267
3,3,9,4,172
3,3,9,5,126
3,3,10,1,329
3,3,10,2,304
3,3,10,3,336
3,3,10,4,23
3,3,10,5,70
3,4,1,1,312
3,4,1,2,358
3,4,1,3,87
3,4,1,4,327
3,4,1,5,34
3,4,2,1,289
3,4,2,2,188
3,4,2,3,355
3,4,2,4,26
3,4,2,5,89
3,4,3,1,264
3,4,3,2,34
3,4,3,3,165
3,4,3,4,391
3,4,3,5,306
3,4,4,1,20
3,4,4,2,45
3,4,4,3,185
3,4,4,4,260
3,4,4,5,208
3,4,5,1,384
3,4,5,2,284
3,4,5,3,322
3,4,5,4,244
3,4,5,5,254
3,4,6,1,312
3,4,6,2,32
3,4,6,3,298
3,4,6,4,286
3,4,6,5,43
3,4,7,1,85
3,4,7,2,328
3,4,7,3,72
3,4,7,4,131
3,4,7,5,34
3,4,8,1,7
3,4,8,2,140
3,4,8,3,115
3,4,8,4,166
3,4,8,5,136
3,4,9,1,70
3,4,9,2,263
3,4,9,3,147
3,4,9,4,386
3,4,9,5,38
3,4,10,1,349
3,4,10,2,96
3,4,10,3,387
3,4,10,4,53
3,4,10,5,318
3,5,1,1,70
3,5,1,2,296
3,5,1,3,119
3,5,1,4,306
3,5,1,5,254
3,5,2,1,333
3,5,2,2,189
3,5,2,3,15
3,5,2,4,165
3,5,2,5,62
3,5,3,1,374
3,5,3,2,199
3,5,3,3,272
3,5,3,4,147
3,5,3,5,189
3,5,4,1,248
3,5,4,2,28
3,5,4,3,313
3,5,4,4,201
3,5,4,5,10
3,5,5,1,51
3,5,5,2,113
3,5,5,3,353
3,5,5,4,88
3,5,5,5,143
3,5,6,1,145
3,5,6,2,391
3,5,6,3,99
3,5,6,4,65
3,5,6,5,9
3,5,7,1,346
3,5,7,2,337
3,5,7,3,253
3,5,7,4,89
3,5,7,5,320
3,5,8,1,208
3,5,8,2,259
3,5,8,3,52
3,5,8,4,52
3,5,8,5,195
3,5,9,1,42
3,5,9,2,137
3,5,9,3,184
3,5,9,4,218
3,5,9,5,217
3,5,10,1,164
3,5,10,2,292
3,5,10,3,176
3,5,10,4,284
3,5,10,5,89
3,6,1,1,363
3,6,1,2,330
3,6,1,3,229
3,6,1,4,62
3,6,1,5,39
3,6,2,1,156
3,6,2,2,76
3,6,2,3,144
3,6,2,4,120
3,6,2,5,180
3,6,3,1,5
3,6,3,2,127
3,6,3,3,6
3,6,3,4,298
3,6,3,5,290
3,6,4,1,201
3,6,4,2,278
3,6,4,3,124
3,6,4,4,315
3,6,4,5,323
3,6,5,1,179
3,6,5,2,338
3,6,5,3,261
3,6,5,4,64
3,6,5,5,397
3,6,6,1,12
3,6,6,2,233
3,6,6,3,201
3,6,6,4,48
3,6,6,5,380
3,6,7,1,357
3,6,7,2,68
3,6,7,3,244
3,6,7,4,222
3,6,7,5,296
3,6,8,1,381
3,6,8,2,113
3,6,8,3,110
3,6,8,4,1
3,6,8,5,136
3,6,9,1,376
3,6,9,2,328
3,6,9,3,109
3,6,9,4,310
3,6,9,5,366
3,6,10,1,361
3,6,10,2,316
3,6,10,3,235
3,6,10,4,204
3,6,10,5,275
4,1,1,1,42
4,1,1,2,184
4,1,1,3,19
4,1,1,4,377
4,1,1,5,4
4,1,2,1,174
4,1,2,2,161
4,1,2,3,385
4,1,2,4,366
4,1,2,5,64
4,1,3,1,133
4,1,3,2,256
4,1,3,3,322
4,1,3,4,390
4,1,3,5,5
4,1,4,1,87
4,1,4,2,43
4,1,4,3,297
4,1,4,4,114
4,1,4,5,174
4,1,5,1,337
4,1,5,2,385
4,1,5,3,342
4,1,5,4,336
4,1,5,5,63
4,1,6,1,145
4,1,6,2,141
4,1,6,3,262
4,1,6,4,221
4,1,6,5,387
4,1,7,1,110
4,1,7,2,134
4,1,7,3,60
4,1,7,4,291
4,1,7,5,47
4,1,8,1,305
4,1,8,2,226
4,1,8,3,253
4,1,8,4,357
4,1,8,5,199
4,1,9,1,29
4,1,9,2,140
4,1,9,3,61
4,1,9,4,192
4,1,9,5,319
4,1,10,1,389
4,1,10,2,10
4,1,10,3,360
4,1,10,4,122
4,1,10,5,99
4,2,1,1,341
4,2,1,2,179
4,2,1,3,53
4,2,1,4,166
4,2,1,5,299
4,2,2,1,384
4,2,2,2,330
4,2,2,3,331
4,2,2,4,387
4,2,2,5,388
4,2,3,1,383
4,2,3,2,247
4,2,3,3,205
4,2,3,4,212
4,2,3,5,207
4,2,4,1,383
4,2,4,2,114
4,2,4,3,171
4,2,4,4,187
4,2,4,5,109
4,2,5,1,128
4,2,5,2,158
4,2,5,3,126
4,2,5,4,47
4,2,5,5,128
4,2,6,1,126
4,2,6,2,346
4,2,6,3,128
4,2,6,4,133
4,2,6,5,136
4,2,7,1,134
4,2,7,2,317
4,2,7,3,377
4,2,7,4,300
4,2,7,5,366
4,2,8,1,338
4,2,8,2,209
4,2,8,3,231
4,2,8,4,360
4,2,8,5,333
4,2,9,1,225
4,2,9,2,347
4,2,9,3,182
4,2,9,4,319
4,2,9,5,354
4,2,10,1,333
4,2,10,2,165
4,2,10,3,228
4,2,10,4,47
4,2,10,5,39
4,3,1,1,393
4,3,1,2,283
4,3,1,3,79
4,3,1,4,308
4,3,1,5,157
4,3,2,1,346
4,3,2,2,3
4,3,2,3,382
4,3,2,4,281
4,3,2,5,330
4,3,3,1,44
4,3,3,2,240
4,3,3,3,219
4,3,3,4,238
4,3,3,5,343
4,3,4,1,182
4,3,4,2,281
4,3,4,3,273
4,3,4,4,3
4,3,4,5,81
4,3,5,1,149
4,3,5,2,263
4,3,5,3,148
4,3,5,4,333
4,3,5,5,105
4,3,6,1,375
4,3,6,2,246
4,3,6,3,218
4,3,6,4,152
4,3,6,5,8
4,3,7,1,133
4,3,7,2,354
4,3,7,3,172
4,3,7,4,237
4,3,7,5,165
4,3,8,1,348
4,3,8,2,387
4,3,8,3,145
4,3,8,4,388
4,3,8,5,278
4,3,9,1,157
4,3,9,2,56
4,3,9,3,364
4,3,9,4,237
4,3,9,5,95
4,3,10,1,249
4,3,10,2,351
4,3,10,3,377
4,3,10,4,224
4,3,10,5,115
4,4,1,1,356
4,4,1,2,275
4,4,1,3,213
4,4,1,4,12
4,4,1,5,348
4,4,2,1,375
4,4,2,2,61
4,4,2,3,52
4,4,2,4,94
4,4,2,5,22
4,4,3,1,279
4,4,3,2,42
4,4,3,3,324
4,4,3,4,107
4,4,3,5,280
4,4,4,1,156
4,4,4,2,123
4,4,4,3,354
4,4,4,4,324
4,4,4,5,344
4,4,5,1,182
4,4,5,2,196
4,4,5,3,97
4,4,5,4,42
4,4,5,5,51
4,4,6,1,144
4,4,6,2,88
4,4,6,3,62
4,4,6,4,254
4,4,6,5,272
4,4,7,1,219
4,4,7,2,220
4,4,7,3,236
4,4,7,4,294
4,4,7,5,65
4,4,8,1,195
4,4,8,2,257
4,4,8,3,331
4,4,8,4,94
4,4,8,5,276
4,4,9,1,302
4,4,9,2,389
4,4,9,3,20
4,4,9,4,28
4,4,9,5,16
4,4,10,1,227
4,4,10,2,3
4,4,10,3,329
4,4,10,4,387
4,4,10,5,246
4,5,1,1,243
4,5,1,2,34
4,5,1,3,358
4,5,1,4,321
4,5,1,5,117
4,5,2,1,71
4,5,2,2,68
4,5,2,3,306
4,5,2,4,41
4,5,2,5,289
4,5,3,1,157
4,5,3,2,173
4,5,3,3,384
4,5,3,4,21
4,5,3,5,111
4,5,4,1,354
4,5,4,2,220
4,5,4,3,295
4,5,4,4,104
4,5,4,5,40
4,5,5,1,107
4,5,5,2,344
4,5,5,3,288
4,5,5,4,89
4,5,5,5,102
4,5,6,1,255
4,5,6,2,226
4,5,6,3,297
4,5,6,4,130
4,5,6,5,254
4,5,7,1,375
4,5,7,2,239
4,5,7,3,247
4,5,7,4,347
4,5,7,5,271
4,5,8,1,2
4,5,8,2,120
4,5,8,3,312
4,5,8,4,165
4,5,8,5,336
4,5,9,1,242
4,5,9,2,332
4,5,9,3,154
4,5,9,4,178
4,5,9,5,310
4,5,10,1,5
4,5,10,2,67
4,5,10,3,49
4,5,10,4,277
4,5,10,5,260
4,6,1,1,162
4,6,1,2,76
4,6,1,3,332
4,6,1,4,347
4,6,1,5,174
4,6,2,1,273
4,6,2,2,79
4,6,2,3,293
4,6,2,4,172
4,6,2,5,276
4,6,3,1,396
4,6,3,2,340
4,6,3,3,222
4,6,3,4,280
4,6,3,5,129
4,6,4,1,350
4,6,4,2,151
4,6,4,3,117
4,6,4,4,352
4,6,4,5,120
4,6,5,1,221
4,6,5,2,317
4,6,5,3,152
4,6,5,4,246
4,6,5,5,147
4,6,6,1,139
4,6,6,2,230
4,6,6,3,63
4,6,6,4,120
4,6,6,5,61
4,6,7,1,255
4,6,7,2,34
4,6,7,3,172
4,6,7,4,49
4,6,7,5,237
4,6,8,1,377
4,6,8,2,280
4,6,8,3,279
4,6,8,4,186
4,6,8,5,73
4,6,9,1,309
4,6,9,2,5
4,6,9,3,80
4,6,9,4,79
4,6,9,5,78
4,6,10,1,169
4,6,10,2,223
4,6,10,3,132
4,6,10,4,49
4,6,10,5,37
5,1,1,1,290
5,1,1,2,392
5,1,1,3,6
5,1,1,4,45
5,1,1,5,3
5,1,2,1,276
5,1,2,2,291
5,1,2,3,363
5,1,2,4,80
5,1,2,5,28
5,1,3,1,394
5,1,3,2,190
5,1,3,3,59
5,1,3,4,33
5,1,3,5,55
5,1,4,1,215
5,1,4,2,247
5,1,4,3,375
5,1,4,4,123
5,1,4,5,291
5,1,5,1,381
5,1,5,2,232
5,1,5,3,137
5,1,5,4,286
5,1,5,5,149
5,1,6,1,101
5,1,6,2,28
5,1,6,3,311
5,1,6,4,83
5,1,6,5,293
5,1,7,1,227
5,1,7,2,67
5,1,7,3,381
5,1,7,4,291
5,1,7,5,57
5,1,8,1,392
5,1,8,2,169
5,1,8,3,367
5,1,8,4,202
5,1,8,5,264
5,1,9,1,18
5,1,9,2,125
5,1,9,3,278
5,1,9,4,207
5,1,9,5,271
5,1,10,1,231
5,1,10,2,335
5,1,10,3,212
5,1,10,4,41
5,1,10,5,8
5,2,1,1,29
5,2,1,2,296
5,2,1,3,158
5,2,1,4,59
5,2,1,5,222
5,2,2,1,173
5,2,2,2,10
5,2,2,3,214
5,2,2,4,227
5,2,2,5,317
5,2,3,1,206
5,2,3,2,157
5,2,3,3,349
5,2,3,4,312
5,2,3,5,359
5,2,4,1,120
5,2,4,2,132
5,2,4,3,62
5,2,4,4,74
5,2,4,5,124
5,2,5,1,259
5,2,5,2,236
5,2,5,3,196
5,2,5,4,290
5,2,5,5,315
5,2,6,1,195
5,2,6,2,163
5,2,6,3,1
5,2,6,4,265
5,2,6,5,309
5,2,7,1,301
5,2,7,2,0
5,2,7,3,355
5,2,7,4,3
5,2,7,5,348
5,2,8,1,146
5,2,8,2,49
5,2,8,3,111
5,2,8,4,223
5,2,8,5,80
5,2,9,1,264
5,2,9,2,223
5,2,9,3,371
5,2,9,4,198
5,2,9,5,63
5,2,10,1,195
5,2,10,2,185
5,2,10,3,175
5,2,10,4,61
5,2,10,5,304
5,3,1,1,396
5,3,1,2,46
5,3,1,3,8
5,3,1,4,137
5,3,1,5,239
5,3,2,1,360
5,3,2,2,132
5,3,2,3,375
5,3,2,4,189
5,3,2,5,271
5,3,3,1,337
5,3,3,2,198
5,3,3,3,190
5,3,3,4,161
5,3,3,5,306
5,3,4,1,156
5,3,4,2,163
5,3,4,3,362
5,3,4,4,317
5,3,4,5,93
5,3,5,1,332
5,3,5,2,254
5,3,5,3,28
5,3,5,4,240
5,3,5,5,185
5,3,6,1,169
5,3,6,2,151
5,3,6,3,382
5,3,6,4,211
5,3,6,5,19
5,3,7,1,188
5,3,7,2,345
5,3,7,3,140
5,3,7,4,355
5,3,7,5,31
5,3,8,1,383
5,3,8,2,297
5,3,8,3,382
5,3,8,4,194
5,3,8,5,262
5,3,9,1,175
5,3,9,2,158
5,3,9,3,327
5,3,9,4,125
5,3,9,5,181
5,3,10,1,87
5,3,10,2,67
5,3,10,3,366
5,3,10,4,238
5,3,10,5,213
5,4,1,1,362
5,4,1,2,22
5,4,1,3,38
5,4,1,4,257
5,4,1,5,124
5,4,2,1,175
5,4,2,2,383
5,4,2,3,22
5,4,2,4,274
5,4,2,5,7
5,4,3,1,372
5,4,3,2,297
5,4,3,3,115
5,4,3,4,6
5,4,3,5,75
5,4,4,1,363
5,4,4,2,299
5,4,4,3,244
5,4,4,4,191
5,4,4,5,375
5,4,5,1,372
5,4,5,2,321
5,4,5,3,383
5,4,5,4,93
5,4,5,5,330
5,4,6,1,240
5,4,6,2,326
5,4,6,3,13
5,4,6,4,333
5,4,6,5,41
5,4,7,1,42
5,4,7,2,384
5,4,7,3,329
5,4,7,4,24
5,4,7,5,375
5,4,8,1,318
5,4,8,2,60
5,4,8,3,43
5,4,8,4,221
5,4,8,5,16
5,4,9,1,339
5,4,9,2,40
5,4,9,3,152
5,4,9,4,155
5,4,9,5,292
5,4,10,1,267
5,4,10,2,126
5,4,10,3,182
5,4,10,4,394
5,4,10,5,288
5,5,1,1,80
5,5,1,2,50
5,5,1,3,245
5,5,1,4,283
5,5,1,5,42
5,5,2,1,98
5,5,2,2,387
5,5,2,3,25
5,5,2,4,384
5,5,2,5,51
5,5,3,1,5
5,5,3,2,346
5,5,3,3,310
5,5,3,4,392
5,5,3,5,390
5,5,4,1,82
5,5,4,2,365
5,5,4,3,380
5,5,4,4,211
5,5,4,5,88
5,5,5,1,12
5,5,5,2,224
5,5,5,3,356
5,5,5,4,378
5,5,5,5,48
5,5,6,1,121
5,5,6,2,141
5,5,6,3,87
5,5,6,4,349
5,5,6,5,195
5,5,7,1,54
5,5,7,2,18
5,5,7,3,394
5,5,7,4,136
5,5,7,5,144
5,5,8,1,222
5,5,8,2,231
5,5,8,3,120
5,5,8,4,257
5,5,8,5,46
5,5,9,1,248
5,5,9,2,197
5,5,9,3,107
5,5,9,4,18
5,5,9,5,267
5,5,10,1,35
5,5,10,2,204
5,5,10,3,55
5,5,10,4,312
5,5,10,5,269
5,6,1,1,348
5,6,1,2,242
5,6,1,3,205
5,6,1,4,196
5,6,1,5,293
5,6,2,1,385
5,6,2,2,284
5,6,2,3,200
5,6,2,4,202
5,6,2,5,228
5,6,3,1,275
5,6,3,2,391
5,6,3,3,397
5,6,3,4,115
5,6,3,5,31
5,6,4,1,108
5,6,4,2,308
5,6,4,3,399
5,6,4,4,16
5,6,4,5,203
5,6,5,1,376
5,6,5,2,323
5,6,5,3,127
5,6,5,4,69
5,6,5,5,330
5,6,6,1,307
5,6,6,2,121
5,6,6,3,141
5,6,6,4,122
5,6,6,5,369
5,6,7,1,256
5,6,7,2,21
5,6,7,3,45
5,6,7,4,45
5,6,7,5,374
5,6,8,1,54
5,6,8,2,307
5,6,8,3,363
5,6,8,4,126
5,6,8,5,131
5,6,9,1,306
5,6,9,2,307
5,6,9,3,104
5,6,9,4,94
5,6,9,5,163
5,6,10,1,166
5,6,10,2,306
5,6,10,3,168
5,6,10,4,217
5,6,10,5,272
6,1,1,1,85
6,1,1,2,339
6,1,1,3,235
6,1,1,4,320
6,1,1,5,42
6,1,2,1,59
6,1,2,2,119
6,1,2,3,383
6,1,2,4,136
6,1,2,5,294
6,1,3,1,136
6,1,3,2,103
6,1,3,3,8
6,1,3,4,371
6,1,3,5,272
6,1,4,1,120
6,1,4,2,173
6,1,4,3,148
6,1,4,4,328
6,1,4,5,345
6,1,5,1,26
6,1,5,2,40
6,1,5,3,323
6,1,5,4,344
6,1,5,5,284
6,1,6,1,73
6,1,6,2,346
6,1,6,3,120
6,1,6,4,72
6,1,6,5,306
6,1,7,1,76
6,1,7,2,53
6,1,7,3,198
6,1,7,4,199
6,1,7,5,156
6,1,8,1,102
6,1,8,2,8
6,1,8,3,28
6,1,8,4,2
6,1,8,5,16
6,1,9,1,319
6,1,9,2,171
6,1,9,3,76
6,1,9,4,15
6,1,9,5,60
6,1,10,1,170
6,1,10,2,399
6,1,10,3,49
6,1,10,4,397
6,1,10,5,10
6,2,1,1,186
6,2,1,2,240
6,2,1,3,150
6,2,1,4,373
6,2,1,5,215
6,2,2,1,32
6,2,2,2,250
6,2,2,3,319
6,2,2,4,333
6,2,2,5,290
6,2,3,1,43
6,2,3,2,393
6,2,3,3,76
6,2,3,4,97
6,2,3,5,170
6,2,4,1,139
6,2,4,2,44
6,2,4,3,262
6,2,4,4,17
6,2,4,5,138
6,2,5,1,199
6,2,5,2,386
6,2,5,3,160
6,2,5,4,110
6,2,5,5,72
6,2,6,1,256
6,2,6,2,146
6,2,6,3,261
6,2,6,4,296
6,2,6,5,22
6,2,7,1,281
6,2,7,2,306
6,2,7,3,181
6,2,7,4,308
6,2,7,5,316
6,2,8,1,221
6,2,8,2,119
6,2,8,3,182
6,2,8,4,307
6,2,8,5,71
6,2,9,1,49
6,2,9,2,248
6,2,9,3,367
6,2,9,4,271
6,2,9,5,60
6,2,10,1,361
6,2,10,2,76
6,2,10,3,20
6,2,10,4,241
6,2,10,5,335
6,3,1,1,175
6,3,1,2,83
6,3,1,3,337
6,3,1,4,302
6,3,1,5,245
6,3,2,1,9
6,3,2,2,87
6,3,2,3,98
6,3,2,4,283
6,3,2,5,297
6,3,3,1,119
6,3,3,2,102
6,3,3,3,350
6,3,3,4,340
6,3,3,5,346
6,3,4,1,163
6,3,4,2,193
6,3,4,3,143
6,3,4,4,84
6,3,4,5,333
6,3,5,1,308
6,3,5,2,375
6,3,5,3,115
6,3,5,4,39
6,3,5,5,359
6,3,6,1,346
6,3,6,2,31
6,3,6,3,121
6,3,6,4,347
6,3,6,5,65
6,3,7,1,205
6,3,7,2,197
6,3,7,3,347
6,3,7,4,10
6,3,7,5,52
6,3,8,1,225
6,3,8,2,110
6,3,8,3,85
6,3,8,4,336
6,3,8,5,56
6,3,9,1,76
6,3,9,2,309
6,3,9,3,340
6,3,9,4,362
6,3,9,5,79
6,3,10,1,133
6,3,10,2,299
6,3,10,3,162
6,3,10,4,82
6,3,10,5,286
6,4,1,1,332
6,4,1,2,337
6,4,1,3,187
6,4,1,4,331
6,4,1,5,137
6,4,2,1,280
6,4,2,2,357
6,4,2,3,281
6,4,2,4,368
6,4,2,5,86
6,4,3,1,139
6,4,3,2,151
6,4,3,3,113
6,4,3,4,325
6,4,3,5,54
6,4,4,1,383
6,4,4,2,317
6,4,4,3,267
6,4,4,4,175
6,4,4,5,157
6,4,5,1,298
6,4,5,2,153
6,4,5,3,154
6,4,5,4,294
6,4,5,5,302
6,4,6,1,113
6,4,6,2,27
6,4,6,3,85
6,4,6,4,320
6,4,6,5,80
6,4,7,1,270
6,4,7,2,238
6,4,7,3,373
6,4,7,4,89
6,4,7,5,258
6,4,8,1,17
6,4,8,2,170
6,4,8,3,196
6,4,8,4,49
6,4,8,5,45
6,4,9,1,195
6,4,9,2,161
6,4,9,3,349
6,4,9,4,69
6,4,9,5,36
6,4,10,1,201
6,4,10,2,352
6,4,10,3,189
6,4,10,4,132
6,4,10,5,21
6,5,1,1,123
6,5,1,2,190
6,5,1,3,222
6,5,1,4,180
6,5,1,5,112
6,5,2,1,230
6,5,2,2,368
6,5,2,3,170
6,5,2,4,252
6,5,2,5,218
6,5,3,1,399
6,5,3,2,136
6,5,3,3,1
6,5,3,4,384
6,5,3,5,122
6,5,4,1,73
6,5,4,2,14
6,5,4,3,327
6,5,4,4,41
6,5,4,5,199
6,5,5,1,246
6,5,5,2,259
6,5,5,3,84
6,5,5,4,55
6,5,5,5,86
6,5,6,1,69
6,5,6,2,304
6,5,6,3,12
6,5,6,4,372
6,5,6,5,11
6,5,7,1,266
6,5,7,2,79
6,5,7,3,209
6,5,7,4,37
6,5,7,5,109
6,5,8,1,78
6,5,8,2,156
6,5,8,3,379
6,5,8,4,111
6,5,8,5,361
6,5,9,1,86
6,5,9,2,178
6,5,9,3,1
6,5,9,4,322
6,5,9,5,152
6,5,10,1,44
6,5,10,2,243
6,5,10,3,197
6,5,10,4,390
6,5,10,5,65
6,6,1,1,151
6,6,1,2,245
6,6,1,3,141
6,6,1,4,76
6,6,1,5,359
6,6,2,1,186
6,6,2,2,337
6,6,2,3,225
6,6,2,4,61
6,6,2,5,189
6,6,3,1,41
6,6,3,2,206
6,6,3,3,96
6,6,3,4,39
6,6,3,5,39
6,6,4,1,134
6,6,4,2,106
6,6,4,3,263
6,6,4,4,391
6,6,4,5,226
6,6,5,1,361
6,6,5,2,120
6,6,5,3,261
6,6,5,4,194
6,6,5,5,89
6,6,6,1,179
6,6,6,2,373
6,6,6,3,19
6,6,6,4,248
6,6,6,5,397
6,6,7,1,363
6,6,7,2,308
6,6,7,3,388
6,6,7,4,400
6,6,7,5,350
6,6,8,1,277
6,6,8,2,331
6,6,8,3,252
6,6,8,4,262
6,6,8,5,280
6,6,9,1,141
6,6,9,2,293
6,6,9,3,188
6,6,9,4,214
6,6,9,5,113
6,6,10,1,206
6,6,10,2,363
6,6,10,3,375
6,6,10,4,200
6,6,10,5,144
7,1,1,1,318
7,1,1,2,256
7,1,1,3,74
7,1,1,4,47
7,1,1,5,20
7,1,2,1,268
7,1,2,2,6
7,1,2,3,302
7,1,2,4,272
7,1,2,5,320
7,1,3,1,91
7,1,3,2,184
7,1,3,3,39
7,1,3,4,118
7,1,3,5,234
7,1,4,1,321
7,1,4,2,281
7,1,4,3,236
7,1,4,4,113
7,1,4,5,392
7,1,5,1,48
7,1,5,2,300
7,1,5,3,280
7,1,5,4,64
7,1,5,5,289
7,1,6,1,191
7,1,6,2,75
7,1,6,3,318
7,1,6,4,349
7,1,6,5,306
7,1,7,1,2
7,1,7,2,13
7,1,7,3,196
7,1,7,4,384
7,1,7,5,296
7,1,8,1,81
7,1,8,2,11
7,1,8,3,369
7,1,8,4,188
7,1,8,5,335
7,1,9,1,201
7,1,9,2,37
7,1,9,3,271
7,1,9,4,65
7,1,9,5,236
7,1,10,1,318
7,1,10,2,366
7,1,10,3,134
7,1,10,4,45
7,1,10,5,28
7,2,1,1,357
7,2,1,2,19
7,2,1,3,201
7,2,1,4,97
7,2,1,5,129
7,2,2,1,363
7,2,2,2,154
7,2,2,3,135
7,2,2,4,230
7,2,2,5,72
7,2,3,1,369
7,2,3,2,299
7,2,3,3,281
7,2,3,4,354
7,2,3,5,128
7,2,4,1,143
7,2,4,2,101
7,2,4,3,50
7,2,4,4,350
7,2,4,5,92
7,2,5,1,363
7,2,5,2,111
7,2,5,3,26
7,2,5,4,97
7,2,5,5,76
7,2,6,1,191
7,2,6,2,15
7,2,6,3,275
7,2,6,4,268
7,2,6,5,193
7,2,7,1,328
7,2,7,2,340
7,2,7,3,192
7,2,7,4,6
7,2,7,5,361
7,2,8,1,392
7,2,8,2,197
7,2,8,3,57
7,2,8,4,141
7,2,8,5,131
7,2,9,1,183
7,2,9,2,225
7,2,9,3,25
7,2,9,4,144
7,2,9,5,253
7,2,10,1,185
7,2,10,2,167
7,2,10,3,220
7,2,10,4,67
7,2,10,5,138
7,3,1,1,12
7,3,1,2,87
7,3,1,3,381
7,3,1,4,60
7,3,1,5,293
7,3,2,1,11
7,3,2,2,148
7,3,2,3,43
7,3,2,4,390
7,3,2,5,7
7,3,3,1,377
7,3,3,2,115
7,3,3,3,249
7,3,3,4,385
7,3,3,5,82
7,3,4,1,248
7,3,4,2,209
7,3,4,3,294
7,3,4,4,325
7,3,4,5,393
7,3,5,1,104
7,3,5,2,183
7,3,5,3,284
7,3,5,4,189
7,3,5,5,289
7,3,6,1,340
7,3,6,2,125
7,3,6,3,210
7,3,6,4,219
7,3,6,5,100
7,3,7,1,113
7,3,7,2,191
7,3,7,3,249
7,3,7,4,55
7,3,7,5,37
7,3,8,1,322
7,3,8,2,340
7,3,8,3,101
7,3,8,4,376
7,3,8,5,250
7,3,9,1,90
7,3,9,2,27
7,3,9,3,139
7,3,9,4,294
7,3,9,5,136
7,3,10,1,18
7,3,10,2,342
7,3,10,3,116
7,3,10,4,44
7,3,10,5,165
7,4,1,1,114
7,4,1,2,98
7,4,1,3,192
7,4,1,4,385
7,4,1,5,262
7,4,2,1,253
7,4,2,2,322
7,4,2,3,85
7,4,2,4,162
7,4,2,5,262
7,4,3,1,289
7,4,3,2,120
7,4,3,3,197
7,4,3,4,205
7,4,3,5,273
7,4,4,1,359
7,4,4,2,93
7,4,4,3,281
7,4,4,4,216
7,4,4,5,234
7,4,5,1,232
7,4,5,2,61
7,4,5,3,244
7,4,5,4,35
7,4,5,5,269
7,4,6,1,204
7,4,6,2,169
7,4,6,3,199
7,4,6,4,17
7,4,6,5,184
7,4,7,1,88
7,4,7,2,27
7,4,7,3,359
7,4,7,4,154
7,4,7,5,266
7,4,8,1,314
7,4,8,2,216
7,4,8,3,305
7,4,8,4,151
7,4,8,5,116
7,4,9,1,18
7,4,9,2,369
7,4,9,3,295
7,4,9,4,326
7,4,9,5,377
7,4,10,1,119
7,4,10,2,336
7,4,10,3,319
7,4,10,4,21
7,4,10,5,218
7,5,1,1,141
7,5,1,2,394
7,5,1,3,114
7,5,1,4,202
7,5,1,5,14
7,5,2,1,124
7,5,2,2,26
7,5,2,3,68
7,5,2,4,396
7,5,2,5,228
7,5,3,1,301
7,5,3,2,99
7,5,3,3,168
7,5,3,4,304
7,5,3,5,322
7,5,4,1,328
7,5,4,2,179
7,5,4,3,21
7,5,4,4,304
7,5,4,5,215
7,5,5,1,147
7,5,5,2,129
7,5,5,3,15
7,5,5,4,36
7,5,5,5,50
7,5,6,1,24
7,5,6,2,289
7,5,6,3,95
7,5,6,4,247
7,5,6,5,159
7,5,7,1,99
7,5,7,2,23
7,5,7,3,236
7,5,7,4,149
7,5,7,5,347
7,5,8,1,83
7,5,8,2,114
7,5,8,3,396
7,5,8,4,305
7,5,8,5,252
7,5,9,1,234
7,5,9,2,154
7,5,9,3,49
7,5,9,4,100
7,5,9,5,354
7,5,10,1,7
7,5,10,2,256
7,5,10,3,131
7,5,10,4,137
7,5,10,5,75
7,6,1,1,286
7,6,1,2,348
7,6,1,3,375
7,6,1,4,163
7,6,1,5,76
7,6,2,1,164
7,6,2,2,169
7,6,2,3,124
7,6,2,4,21
7,6,2,5,162
7,6,3,1,37
7,6,3,2,204
7,6,3,3,87
7,6,3,4,5
7,6,3,5,202
7,6,4,1,397
7,6,4,2,273
7,6,4,3,339
7,6,4,4,289
7,6,4,5,366
7,6,5,1,213
7,6,5,2,257
7,6,5,3,172
7,6,5,4,164
7,6,5,5,217
7,6,6,1,33
7,6,6,2,48
7,6,6,3,311
7,6,6,4,333
7,6,6,5,350
7,6,7,1,160
7,6,7,2,38
7,6,7,3,54
7,6,7,4,10
7,6,7,5,221
7,6,8,1,0
7,6,8,2,386
7,6,8,3,245
7,6,8,4,67
7,6,8,5,292
7,6,9,1,162
7,6,9,2,342
7,6,9,3,48
7,6,9,4,38
7,6,9,5,89
7,6,10,1,198
7,6,10,2,390
7,6,10,3,88
7,6,10,4,153
7,6,10,5,375
8,1,1,1,20
8,1,1,2,178
8,1,1,3,211
8,1,1,4,327
8,1,1,5,317
8,1,2,1,16
8,1,2,2,253
8,1,2,3,355
8,1,2,4,45
8,1,2,5,394
8,1,3,1,114
8,1,3,2,246
8,1,3,3,10
8,1,3,4,68
8,1,3,5,315
8,1,4,1,385
8,1,4,2,7
8,1,4,3,13
8,1,4,4,107
8,1,4,5,3
8,1,5,1,227
8,1,5,2,22
8,1,5,3,320
8,1,5,4,336
8,1,5,5,232
8,1,6,1,263
8,1,6,2,160
8,1,6,3,49
8,1,6,4,168
8,1,6,5,5
8,1,7,1,317
8,1,7,2,52
8,1,7,3,36
8,1,7,4,195
8,1,7,5,204
8,1,8,1,341
8,1,8,2,250
8,1,8,3,395
8,1,8,4,130
8,1,8,5,104
8,1,9,1,337
8,1,9,2,26
8,1,9,3,185
8,1,9,4,55
8,1,9,5,379
8,1,10,1,59
8,1,10,2,122
8,1,10,3,293
8,1,10,4,312
8,1,10,5,172
8,2,1,1,240
8,2,1,2,323
8,2,1,3,161
8,2,1,4,98
8,2,1,5,61
8,2,2,1,114
8,2,2,2,368
8,2,2,3,146
8,2,2,4,31
8,2,2,5,222
8,2,3,1,359
8,2,3,2,309
8,2,3,3,340
8,2,3,4,100
8,2,3,5,240
8,2,4,1,279
8,2,4,2,341
8,2,4,3,11
8,2,4,4,347
8,2,4,5,237
8,2,5,1,320
8,2,5,2,312
8,2,5,3,390
8,2,5,4,152
8,2,5,5,51
8,2,6,1,379
8,2,6,2,58
8,2,6,3,375
8,2,6,4,340
8,2,6,5,358
8,2,7,1,159
8,2,7,2,80
8,2,7,3,10
8,2,7,4,279
8,2,7,5,263
8,2,8,1,397
8,2,8,2,214
8,2,8,3,137
8,2,8,4,147
8,2,8,5,34
8,2,9,1,238
8,2,9,2,66
8,2,9,3,15
8,2,9,4,251
8,2,9,5,245
8,2,10,1,215
8,2,10,2,124
8,2,10,3,259
8,2,10,4,86
8,2,10,5,60
8,3,1,1,353
8,3,1,2,213
8,3,1,3,291
8,3,1,4,118
8,3,1,5,345
8,3,2,1,129
8,3,2,2,95
8,3,2,3,52
8,3,2,4,192
8,3,2,5,380
8,3,3,1,224
8,3,3,2,103
8,3,3,3,218
8,3,3,4,35
8,3,3,5,94
8,3,4,1,385
8,3,4,2,268
8,3,4,3,41
8,3,4,4,313
8,3,4,5,398
8,3,5,1,248
8,3,5,2,23
8,3,5,3,324
8,3,5,4,276
8,3,5,5,11
8,3,6,1,290
8,3,6,2,203
8,3,6,3,198
8,3,6,4,133
8,3,6,5,376
8,3,7,1,74
8,3,7,2,95
8,3,7,3,268
8,3,7,4,123
8,3,7,5,280
8,3,8,1,355
8,3,8,2,202
8,3,8,3,172
8,3,8,4,232
8,3,8,5,369
8,3,9,1,218
8,3,9,2,48
8,3,9,3,18
8,3,9,4,253
8,3,9,5,327
8,3,10,1,396
8,3,10,2,28
8,3,10,3,324
8,3,10,4,234
8,3,10,5,246
8,4,1,1,142
8,4,1,2,379
8,4,1,3,22
8,4,1,4,211
8,4,1,5,182
8,4,2,1,331
8,4,2,2,222
8,4,2,3,149
8,4,2,4,240
8,4,2,5,193
8,4,3,1,84
8,4,3,2,214
8,4,3,3,180
8,4,3,4,363
8,4,3,5,396
8,4,4,1,123
8,4,4,2,115
8,4,4,3,166
8,4,4,4,199
8,4,4,5,223
8,4,5,1,202
8,4,5,2,231
8,4,5,3,159
8,4,5,4,220
8,4,5,5,118
8,4,6,1,325
8,4,6,2,78
8,4,6,3,96
8,4,6,4,383
8,4,6,5,132
8,4,7,1,364
8,4,7,2,191
8,4,7,3,152
8,4,7,4,176
8,4,7,5,278
8,4,8,1,42
8,4,8,2,349
8,4,8,3,325
8,4,8,4,169
8,4,8,5,140
8,4,9,1,160
8,4,9,2,62
8,4,9,3,276
8,4,9,4,305
8,4,9,5,48
8,4,10,1,127
8,4,10,2,249
8,4,10,3,357
8,4,10,4,233
8,4,10,5,60
8,5,1,1,43
8,5,1,2,218
8,5,1,3,215
8,5,1,4,81
8,5,1,5,128
8,5,2,1,51
8,5,2,2,192
8,5,2,3,96
8,5,2,4,316
8,5,2,5,332
8,5,3,1,253
8,5,3,2,241
8,5,3,3,75
8,5,3,4,390
8,5,3,5,184
8,5,4,1,16
8,5,4,2,381
8,5,4,3,230
8,5,4,4,167
8,5,4,5,337
8,5,5,1,254
8,5,5,2,92
8,5,5,3,77
8,5,5,4,61
8,5,5,5,261
8,5,6,1,303
8,5,6,2,277
8,5,6,3,248
8,5,6,4,68
8,5,6,5,382
8,5,7,1,274
8,5,7,2,4
8,5,7,3,153
8,5,7,4,287
8,5,7,5,79
8,5,8,1,272
8,5,8,2,52
8,5,8,3,107
8,5,8,4,260
8,5,8,5,348
8,5,9,1,131
8,5,9,2,61
8,5,9,3,15
8,5,9,4,90
8,5,9,5,336
8,5,10,1,222
8,5,10,2,42
8,5,10,3,355
8,5,10,4,53
8,5,10,5,80
8,6,1,1,331
8,6,1,2,3
8,6,1,3,319
8,6,1,4,27
8,6,1,5,215
8,6,2,1,277
8,6,2,2,248
8,6,2,3,46
8,6,2,4,254
8,6,2,5,345
8,6,3,1,323
8,6,3,2,184
8,6,3,3,254
8,6,3,4,73
8,6,3,5,302
8,6,4,1,278
8,6,4,2,216
8,6,4,3,304
8,6,4,4,334
8,6,4,5,59
8,6,5,1,295
8,6,5,2,390
8,6,5,3,33
8,6,5,4,311
8,6,5,5,348
8,6,6,1,344
8,6,6,2,27
8,6,6,3,29
8,6,6,4,319
8,6,6,5,95
8,6,7,1,52
8,6,7,2,324
8,6,7,3,252
8,6,7,4,216
8,6,7,5,161
8,6,8,1,55
8,6,8,2,53
8,6,8,3,47
8,6,8,4,265
8,6,8,5,115
8,6,9,1,76
8,6,9,2,249
8,6,9,3,166
8,6,9,4,2
8,6,9,5,106
8,6,10,1,374
8,6,10,2,199
8,6,10,3,110
8,6,10,4,228
8,6,10,5,190
9,1,1,1,113
9,1,1,2,219
9,1,1,3,66
9,1,1,4,168
9,1,1,5,258
9,1,2,1,223
9,1,2,2,191
9,1,2,3,196
9,1,2,4,250
9,1,2,5,153
9,1,3,1,181
9,1,3,2,153
9,1,3,3,235
9,1,3,4,84
9,1,3,5,238
9,1,4,1,279
9,1,4,2,82
9,1,4,3,306
9,1,4,4,241
9,1,4,5,318
9,1,5,1,121
9,1,5,2,90
9,1,5,3,211
9,1,5,4,114
9,1,5,5,99
9,1,6,1,202
9,1,6,2,219
9,1,6,3,141
9,1,6,4,32
9,1,6,5,297
9,1,7,1,104
9,1,7,2,232
9,1,7,3,228
9,1,7,4,135
9,1,7,5,347
9,1,8,1,383
9,1,8,2,1
9,1,8,3,321
9,1,8,4,287
9,1,8,5,299
9,1,9,1,1
9,1,9,2,227
9,1,9,3,372
9,1,9,4,314
9,1,9,5,213
9,1,10,1,164
9,1,10,2,350
9,1,10,3,300
9,1,10,4,170
9,1,10,5,263
9,2,1,1,210
9,2,1,2,264
9,2,1,3,284
9,2,1,4,13
9,2,1,5,132
9,2,2,1,70
9,2,2,2,105
9,2,2,3,238
9,2,2,4,41
9,2,2,5,99
9,2,3,1,210
9,2,3,2,77
9,2,3,3,68
9,2,3,4,210
9,2,3,5,7
9,2,4,1,92
9,2,4,2,207
9,2,4,3,36
9,2,4,4,85
9,2,4,5,390
9,2,5,1,299
9,2,5,2,85
9,2,5,3,305
9,2,5,4,359
9,2,5,5,325
9,2,6,1,344
9,2,6,2,65
9,2,6,3,55
9,2,6,4,59
9,2,6,5,299
9,2,7,1,199
9,2,7,2,38
9,2,7,3,74
9,2,7,4,49
9,2,7,5,120
9,2,8,1,59
9,2,8,2,65
9,2,8,3,322
9,2,8,4,165
9,2,8,5,263
9,2,9,1,118
9,2,9,2,61
9,2,9,3,92
9,2,9,4,299
9,2,9,5,245
9,2,10,1,171
9,2,10,2,39
9,2,10,3,374
9,2,10,4,45
9,2,10,5,142
9,3,1,1,137
9,3,1,2,93
9,3,1,3,7
9,3,1,4,330
9,3,1,5,133
9,3,2,1,260
9,3,2,2,72
9,3,2,3,370
9,3,2,4,40
9,3,2,5,325
9,3,3,1,44
9,3,3,2,369
9,3,3,3,280
9,3,3,4,92
9,3,3,5,275
9,3,4,1,272
9,3,4,2,199
9,3,4,3,168
9,3,4,4,196
9,3,4,5,49
9,3,5,1,359
9,3,5,2,324
9,3,5,3,366
9,3,5,4,189
9,3,5,5,89
9,3,6,1,226
9,3,6,2,398
9,3,6,3,57
9,3,6,4,225
9,3,6,5,77
9,3,7,1,267
9,3,7,2,223
9,3,7,3,105
9,3,7,4,384
9,3,7,5,313
9,3,8,1,199
9,3,8,2,263
9,3,8,3,24
9,3,8,4,27
9,3,8,5,94
9,3,9,1,91
9,3,9,2,173
9,3,9,3,260
9,3,9,4,189
9,3,9,5,72
9,3,10,1,366
9,3,10,2,129
9,3,10,3,251
9,3,10,4,79
9,3,10,5,329
9,4,1,1,188
9,4,1,2,345
9,4,1,3,150
9,4,1,4,232
9,4,1,5,220
9,4,2,1,156
9,4,2,2,355
9,4,2,3,353
9,4,2,4,353
9,4,2,5,181
9,4,3,1,272
9,4,3,2,153
9,4,3,3,284
9,4,3,4,138
9,4,3,5,22
9,4,4,1,385
9,4,4,2,319
9,4,4,3,175
9,4,4,4,129
9,4,4,5,47
9,4,5,1,31
9,4,5,2,332
9,4,5,3,117
9,4,5,4,19
9,4,5,5,59
9,4,6,1,364
9,4,6,2,201
9,4,6,3,321
9,4,6,4,161
9,4,6,5,334
9,4,7,1,287
9,4,7,2,119
9,4,7,3,122
9,4,7,4,53
9,4,7,5,32
9,4,8,1,236
9,4,8,2,387
9,4,8,3,256
9,4,8,4,347
9,4,8,5,116
9,4,9,1,14
9,4,9,2,335
9,4,9,3,192
9,4,9,4,275
9,4,9,5,337
9,4,10,1,195
9,4,10,2,360
9,4,10,3,339
9,4,10,4,221
9,4,10,5,102
9,5,1,1,261
9,5,1,2,42
9,5,1,3,392
9,5,1,4,28
9,5,1,5,239
9,5,2,1,14
9,5,2,2,305
9,5,2,3,65
9,5,2,4,338
9,5,2,5,223
9,5,3,1,190
9,5,3,2,195
9,5,3,3,128
9,5,3,4,248
9,5,3,5,334
9,5,4,1,356
9,5,4,2,291
9,5,4,3,392
9,5,4,4,166
9,5,4,5,220
9,5,5,1,220
9,5,5,2,1
9,5,5,3,107
9,5,5,4,226
9,5,5,5,297
9,5,6,1,196
9,5,6,2,358
9,5,6,3,115
9,5,6,4,285
9,5,6,5,98
9,5,7,1,14
9,5,7,2,104
9,5,7,3,201
9,5,7,4,41
9,5,7,5,163
9,5,8,1,196
9,5,8,2,291
9,5,8,3,214
9,5,8,4,160
9,5,8,5,375
9,5,9,1,306
9,5,9,2,343
9,5,9,3,143
9,5,9,4,329
9,5,9,5,354
9,5,10,1,261
9,5,10,2,182
9,5,10,3,11
9,5,10,4,200
9,5,10,5,359
9,6,1,1,60
9,6,1,2,240
9,6,1,3,228
9,6,1,4,394
9,6,1,5,76
9,6,2,1,58
9,6,2,2,176
9,6,2,3,142
9,6,2,4,265
9,6,2,5,389
9,6,3,1,87
9,6,3,2,187
9,6,3,3,334
9,6,3,4,342
9,6,3,5,81
9,6,4,1,344
9,6,4,2,131
9,6,4,3,233
9,6,4,4,58
9,6,4,5,394
9,6,5,1,56
9,6,5,2,246
9,6,5,3,199
9,6,5,4,70
9,6,5,5,169
9,6,6,1,105
9,6,6,2,263
9,6,6,3,77
9,6,6,4,176
9,6,6,5,124
9,6,7,1,235
9,6,7,2,118
9,6,7,3,20
9,6,7,4,219
9,6,7,5,289
9,6,8,1,226
9,6,8,2,3
9,6,8,3,79
9,6,8,4,297
9,6,8,5,399
9,6,9,1,69
9,6,9,2,283
9,6,9,3,19
9,6,9,4,114
9,6,9,5,307
9,6,10,1,1
9,6,10,2,336
9,6,10,3,197
9,6,10,4,143
9,6,10,5,341
10,1,1,1,286
10,1,1,2,135
10,1,1,3,7
10,1,1,4,392
10,1,1,5,141
10,1,2,1,319
10,1,2,2,387
10,1,2,3,270
10,1,2,4,350
10,1,2,5,166
10,1,3,1,38
10,1,3,2,185
10,1,3,3,216
10,1,3,4,18
10,1,3,5,325
10,1,4,1,31
10,1,4,2,224
10,1,4,3,187
10,1,4,4,28
10,1,4,5,228
10,1,5,1,376
10,1,5,2,250
10,1,5,3,321
10,1,5,4,372
10,1,5,5,243
10,1,6,1,122
10,1,6,2,30
10,1,6,3,389
10,1,6,4,304
10,1,6,5,42
10,1,7,1,16
10,1,7,2,152
10,1,7,3,198
10,1,7,4,38
10,1,7,5,31
10,1,8,1,229
10,1,8,2,348
10,1,8,3,106
10,1,8,4,45
10,1,8,5,41
10,1,9,1,311
10,1,9,2,397
10,1,9,3,19
10,1,9,4,168
10,1,9,5,247
10,1,10,1,340
10,1,10,2,89
10,1,10,3,31
10,1,10,4,273
10,1,10,5,359
10,2,1,1,304
10,2,1,2,134
10,2,1,3,399
10,2,1,4,320
10,2,1,5,138
10,2,2,1,94
10,2,2,2,148
10,2,2,3,51
10,2,2,4,13
10,2,2,5,87
10,2,3,1,292
10,2,3,2,47
10,2,3,3,182
10,2,3,4,97
10,2,3,5,144
10,2,4,1,41
10,2,4,2,129
10,2,4,3,195
10,2,4,4,171
10,2,4,5,325
10,2,5,1,263
10,2,5,2,143
10,2,5,3,36
10,2,5,4,399
10,2,5,5,97
10,2,6,1,236
10,2,6,2,239
10,2,6,3,329
10,2,6,4,336
10,2,6,5,47
10,2,7,1,295
10,2,7,2,304
10,2,7,3,285
10,2,7,4,214
10,2,7,5,303
10,2,8,1,391
10,2,8,2,110
10,2,8,3,153
10,2,8,4,229
10,2,8,5,343
10,2,9,1,378
10,2,9,2,169
10,2,9,3,116
10,2,9,4,180
10,2,9,5,26
10,2,10,1,234
10,2,10,2,215
10,2,10,3,116
10,2,10,4,396
10,2,10,5,368
10,3,1,1,1
10,3,1,2,242
10,3,1,3,88
10,3,1,4,41
10,3,1,5,78
10,3,2,1,130
10,3,2,2,107
10,3,2,3,120
10,3,2,4,47
10,3,2,5,105
10,3,3,1,360
10,3,3,2,345
10,3,3,3,121
10,3,3,4,78
10,3,3,5,380
10,3,4,1,298
10,3,4,2,28
10,3,4,3,76
10,3,4,4,47
10,3,4,5,137
10,3,5,1,311
10,3,5,2,310
10,3,5,3,299
10,3,5,4,197
10,3,5,5,365
10,3,6,1,132
10,3,6,2,67
10,3,6,3,180
10,3,6,4,48
10,3,6,5,206
10,3,7,1,270
10,3,7,2,61
10,3,7,3,122
10,3,7,4,155
10,3,7,5,395
10,3,8,1,21
10,3,8,2,36
10,3,8,3,230
10,3,8,4,283
10,3,8,5,298
10,3,9,1,256
10,3,9,2,114
10,3,9,3,146
10,3,9,4,173
10,3,9,5,177
10,3,10,1,162
10,3,10,2,375
10,3,10,3,338
10,3,10,4,97
10,3,10,5,41
10,4,1,1,341
10,4,1,2,10
10,4,1,3,231
10,4,1,4,153
10,4,1,5,305
10,4,2,1,113
10,4,2,2,294
10,4,2,3,321
10,4,2,4,260
10,4,2,5,396
10,4,3,1,325
10,4,3,2,281
10,4,3,3,156
10,4,3,4,269
10,4,3,5,217
10,4,4,1,97
10,4,4,2,200
10,4,4,3,153
10,4,4,4,95
10,4,4,5,395
10,4,5,1,275
10,4,5,2,367
10,4,5,3,14
10,4,5,4,72
10,4,5,5,247
10,4,6,1,135
10,4,6,2,263
10,4,6,3,203
10,4,6,4,332
10,4,6,5,53
10,4,7,1,29
10,4,7,2,249
10,4,7,3,365
10,4,7,4,259
10,4,7,5,146
10,4,8,1,137
10,4,8,2,126
10,4,8,3,390
10,4,8,4,80
10,4,8,5,362
10,4,9,1,263
10,4,9,2,163
10,4,9,3,154
10,4,9,4,342
10,4,9,5,314
10,4,10,1,368
10,4,10,2,1
10,4,10,3,346
10,4,10,4,99
10,4,10,5,233
10,5,1,1,333
10,5,1,2,218
10,5,1,3,114
10,5,1,4,259
10,5,1,5,12
10,5,2,1,157
10,5,2,2,172
10,5,2,3,348
10,5,2,4,377
10,5,2,5,294
10,5,3,1,84
10,5,3,2,360
10,5,3,3,124
10,5,3,4,282
10,5,3,5,63
10,5,4,1,61
10,5,4,2,279
10,5,4,3,199
10,5,4,4,331
10,5,4,5,352
10,5,5,1,20
10,5,5,2,82
10,5,5,3,205
10,5,5,4,8
10,5,5,5,344
10,5,6,1,155
10,5,6,2,53
10,5,6,3,69
10,5,6,4,226
10,5,6,5,389
10,5,7,1,121
10,5,7,2,40
10,5,7,3,378
10,5,7,4,136
10,5,7,5,302
10,5,8,1,18
10,5,8,2,280
10,5,8,3,68
10,5,8,4,280
10,5,8,5,235
10,5,9,1,106
10,5,9,2,11
10,5,9,3,92
10,5,9,4,158
10,5,9,5,388
10,5,10,1,288
10,5,10,2,72
10,5,10,3,62
10,5,10,4,242
10,5,10,5,242
10,6,1,1,353
10,6,1,2,76
10,6,1,3,306
10,6,1,4,29
10,6,1,5,265
10,6,2,1,122
10,6,2,2,210
10,6,2,3,209
10,6,2,4,332
10,6,2,5,314
10,6,3,1,250
10,6,3,2,21
10,6,3,3,373
10,6,3,4,283
10,6,3,5,264
10,6,4,1,32
10,6,4,2,41
10,6,4,3,90
10,6,4,4,296
10,6,4,5,186
10,6,5,1,242
10,6,5,2,281
10,6,5,3,298
10,6,5,4,71
10,6,5,5,300
10,6,6,1,50
10,6,6,2,68
10,6,6,3,313
10,6,6,4,46
10,6,6,5,54
10,6,7,1,375
10,6,7,2,10
10,6,7,3,115
10,6,7,4,81
10,6,7,5,241
10,6,8,1,243
10,6,8,2,190
10,6,8,3,381
10,6,8,4,80
10,6,8,5,384
10,6,9,1,191
10,6,9,2,369
10,6,9,3,243
10,6,9,4,14
10,6,9,5,244
10,6,10,1,110
10,6,10,2,302
10,6,10,3,385
10,6,10,4,1
10,6,10,5,166
11,1,1,1,127
11,1,1,2,67
11,1,1,3,92
11,1,1,4,116
11,1,1,5,218
11,1,2,1,63
11,1,2,2,57
11,1,2,3,377
11,1,2,4,379
11,1,2,5,302
11,1,3,1,33
11,1,3,2,118
11,1,3,3,98
11,1,3,4,380
11,1,3,5,210
11,1,4,1,298
11,1,4,2,338
11,1,4,3,326
11,1,4,4,224
11,1,4,5,104
11,1,5,1,120
11,1,5,2,236
11,1,5,3,63
11,1,5,4,389
11,1,5,5,387
11,1,6,1,160
11,1,6,2,60
11,1,6,3,382
11,1,6,4,41
11,1,6,5,226
11,1,7,1,143
11,1,7,2,348
11,1,7,3,215
11,1,7,4,240
11,1,7,5,153
11,1,8,1,128
11,1,8,2,363
11,1,8,3,49
11,1,8,4,235
11,1,8,5,155
11,1,9,1,253
11,1,9,2,34
11,1,9,3,246
11,1,9,4,280
11,1,9,5,360
11,1,10,1,322
11,1,10,2,97
11,1,10,3,8
11,1,10,4,187
11,1,10,5,261
11,2,1,1,46
11,2,1,2,222
11,2,1,3,376
11,2,1,4,210
11,2,1,5,254
11,2,2,1,395
11,2,2,2,387
11,2,2,3,379
11,2,2,4,134
11,2,2,5,124
11,2,3,1,349
11,2,3,2,230
11,2,3,3,57
11,2,3,4,145
11,2,3,5,266
11,2,4,1,173
11,2,4,2,389
11,2,4,3,17
11,2,4,4,121
11,2,4,5,307
11,2,5,1,247
11,2,5,2,122
11,2,5,3,159
11,2,5,4,350
11,2,5,5,58
11,2,6,1,268
11,2,6,2,295
11,2,6,3,289
11,2,6,4,263
11,2,6,5,384
11,2,7,1,354
11,2,7,2,62
11,2,7,3,294
11,2,7,4,262
11,2,7,5,37
11,2,8,1,103
11,2,8,2,137
11,2,8,3,100
11,2,8,4,344
11,2,8,5,33
11,2,9,1,283
11,2,9,2,125
11,2,9,3,152
11,2,9,4,21
11,2,9,5,251
11,2,10,1,8
11,2,10,2,376
11,2,10,3,245
11,2,10,4,258
11,2,10,5,271
11,3,1,1,366
11,3,1,2,134
11,3,1,3,214
11,3,1,4,314
11,3,1,5,218
11,3,2,1,398
11,3,2,2,278
11,3,2,3,209
11,3,2,4,13
11,3,2,5,382
11,3,3,1,328
11,3,3,2,374
11,3,3,3,292
11,3,3,4,180
11,3,3,5,396
11,3,4,1,327
11,3,4,2,383
11,3,4,3,338
11,3,4,4,232
11,3,4,5,365
11,3,5,1,80
11,3,5,2,275
11,3,5,3,62
11,3,5,4,136
11,3,5,5,6
11,3,6,1,200
11,3,6,2,313
11,3,6,3,324
11,3,6,4,351
11,3,6,5,378
11,3,7,1,247
11,3,7,2,33
11,3,7,3,137
11,3,7,4,340
11,3,7,5,375
11,3,8,1,300
11,3,8,2,164
11,3,8,3,254
11,3,8,4,382
11,3,8,5,287
11,3,9,1,31
11,3,9,2,136
11,3,9,3,232
11,3,9,4,207
11,3,9,5,399
11,3,10,1,324
11,3,10,2,82
11,3,10,3,159
11,3,10,4,388
11,3,10,5,91
11,4,1,1,12
11,4,1,2,360
11,4,1,3,167
11,4,1,4,235
11,4,1,5,79
11,4,2,1,148
11,4,2,2,348
11,4,2,3,115
11,4,2,4,102
11,4,2,5,281
11,4,3,1,204
11,4,3,2,325
11,4,3,3,295
11,4,3,4,201
11,4,3,5,205
11,4,4,1,54
11,4,4,2,391
11,4,4,3,233
11,4,4,4,123
11,4,4,5,312
11,4,5,1,166
11,4,5,2,210
11,4,5,3,321
11,4,5,4,306
11,4,5,5,334
11,4,6,1,209
11,4,6,2,114
11,4,6,3,119
11,4,6,4,21
11,4,6,5,316
11,4,7,1,113
11,4,7,2,86
11,4,7,3,111
11,4,7,4,193
11,4,7,5,302
11,4,8,1,167
11,4,8,2,354
11,4,8,3,205
11,4,8,4,84
11,4,8,5,85
11,4,9,1,394
11,4,9,2,322
11,4,9,3,134
11,4,9,4,308
11,4,9,5,301
11,4,10,1,54
11,4,10,2,116
11,4,10,3,281
11,4,10,4,127
11,4,10,5,67
11,5,1,1,210
11,5,1,2,293
11,5,1,3,315
11,5,1,4,160
11,5,1,5,36
11,5,2,1,362
11,5,2,2,156
11,5,2,3,176
11,5,2,4,388
11,5,2,5,255
11,5,3,1,189
11,5,3,2,161
11,5,3,3,198
11,5,3,4,324
11,5,3,5,121
11,5,4,1,249
11,5,4,2,375
11,5,4,3,7
11,5,4,4,363
11,5,4,5,225
11,5,5,1,124
11,5,5,2,338
11,5,5,3,324
11,5,5,4,99
11,5,5,5,294
11,5,6,1,45
11,5,6,2,257
11,5,6,3,368
11,5,6,4,378
11,5,6,5,152
11,5,7,1,174
11,5,7,2,230
11,5,7,3,152
11,5,7,4,288
11,5,7,5,152
11,5,8,1,258
11,5,8,2,274
11,5,8,3,5
11,5,8,4,14
11,5,8,5,124
11,5,9,1,92
11,5,9,2,235
11,5,9,3,200
11,5,9,4,298
11,5,9,5,71
11,5,10,1,386
11,5,10,2,164
11,5,10,3,144
11,5,10,4,108
11,5,10,5,163
11,6,1,1,345
11,6,1,2,390
11,6,1,3,78
11,6,1,4,219
11,6,1,5,238
11,6,2,1,142
11,6,2,2,182
11,6,2,3,355
11,6,2,4,52
11,6,2,5,49
11,6,3,1,278
11,6,3,2,244
11,6,3,3,118
11,6,3,4,54
11,6,3,5,308
11,6,4,1,362
11,6,4,2,41
11,6,4,3,318
11,6,4,4,386
11,6,4,5,88
11,6,5,1,372
11,6,5,2,94
11,6,5,3,391
11,6,5,4,216
11,6,5,5,377
11,6,6,1,15
11,6,6,2,215
11,6,6,3,325
11,6,6,4,262
11,6,6,5,68
11,6,7,1,360
11,6,7,2,307
11,6,7,3,127
11,6,7,4,305
11,6,7,5,363
11,6,8,1,345
11,6,8,2,366
11,6,8,3,351
11,6,8,4,65
11,6,8,5,264
11,6,9,1,57
11,6,9,2,143
11,6,9,3,159
11,6,9,4,165
11,6,9,5,276
11,6,10,1,181
11,6,10,2,369
11,6,10,3,185
11,6,10,4,90
11,6,10,5,91
12,1,1,1,289
12,1,1,2,182
12,1,1,3,29
12,1,1,4,253
12,1,1,5,65
12,1,2,1,345
12,1,2,2,372
12,1,2,3,84
12,1,2,4,145
12,1,2,5,69
12,1,3,1,169
12,1,3,2,330
12,1,3,3,306
12,1,3,4,18
12,1,3,5,75
12,1,4,1,209
12,1,4,2,269
12,1,4,3,62
12,1,4,4,254
12,1,4,5,162
12,1,5,1,58
12,1,5,2,367
12,1,5,3,21
12,1,5,4,267
12,1,5,5,391
12,1,6,1,355
12,1,6,2,345
12,1,6,3,4
12,1,6,4,29
12,1,6,5,260
12,1,7,1,226
12,1,7,2,346
12,1,7,3,23
12,1,7,4,316
12,1,7,5,262
12,1,8,1,175
12,1,8,2,211
12,1,8,3,10
12,1,8,4,169
12,1,8,5,29
12,1,9,1,85
12,1,9,2,118
12,1,9,3,127
12,1,9,4,129
12,1,9,5,277
12,1,10,1,7
12,1,10,2,80
12,1,10,3,291
12,1,10,4,71
12,1,10,5,177
12,2,1,1,81
12,2,1,2,119
12,2,1,3,306
12,2,1,4,343
12,2,1,5,119
12,2,2,1,171
12,2,2,2,105
12,2,2,3,389
12,2,2,4,376
12,2,2,5,285
12,2,3,1,228
12,2,3,2,261
12,2,3,3,352
12,2,3,4,359
12,2,3,5,386
12,2,4,1,332
12,2,4,2,98
12,2,4,3,234
12,2,4,4,318
12,2,4,5,45
12,2,5,1,13
12,2,5,2,226
12,2,5,3,242
12,2,5,4,89
12,2,5,5,153
12,2,6,1,261
12,2,6,2,22
12,2,6,3,215
12,2,6,4,181
12,2,6,5,391
12,2,7,1,166
12,2,7,2,41
12,2,7,3,276
12,2,7,4,363
12,2,7,5,164
12,2,8,1,171
12,2,8,2,116
12,2,8,3,379
12,2,8,4,83
12,2,8,5,375
12,2,9,1,0
12,2,9,2,234
12,2,9,3,226
12,2,9,4,314
12,2,9,5,95
12,2,10,1,165
12,2,10,2,6
12,2,10,3,183
12,2,10,4,7
12,2,10,5,42
12,3,1,1,290
12,3,1,2,333
12,3,1,3,295
12,3,1,4,78
12,3,1,5,268
12,3,2,1,250
12,3,2,2,256
12,3,2,3,307
12,3,2,4,377
12,3,2,5,342
12,3,3,1,238
12,3,3,2,211
12,3,3,3,272
12,3,3,4,26
12,3,3,5,149
12,3,4,1,235
12,3,4,2,218
12,3,4,3,72
12,3,4,4,159
12,3,4,5,209
12,3,5,1,90
12,3,5,2,142
12,3,5,3,277
12,3,5,4,45
12,3,5,5,382
12,3,6,1,390
12,3,6,2,121
12,3,6,3,122
12,3,6,4,282
12,3,6,5,196
12,3,7,1,72
12,3,7,2,313
12,3,7,3,369
12,3,7,4,218
12,3,7,5,88
12,3,8,1,394
12,3,8,2,149
12,3,8,3,168
12,3,8,4,278
12,3,8,5,290
12,3,9,1,289
12,3,9,2,281
12,3,9,3,201
12,3,9,4,396
12,3,9,5,398
12,3,10,1,329
12,3,10,2,213
12,3,10,3,360
12,3,10,4,244
12,3,10,5,304
12,4,1,1,328
12,4,1,2,373
12,4,1,3,364
12,4,1,4,128
12,4,1,5,305
12,4,2,1,103
12,4,2,2,97
12,4,2,3,360
12,4,2,4,358
12,4,2,5,228
12,4,3,1,378
12,4,3,2,391
12,4,3,3,207
12,4,3,4,219
12,4,3,5,195
12,4,4,1,201
12,4,4,2,305
12,4,4,3,117
12,4,4,4,293
12,4,4,5,130
12,4,5,1,295
12,4,5,2,398
12,4,5,3,43
12,4,5,4,379
12,4,5,5,54
12,4,6,1,146
12,4,6,2,32
12,4,6,3,168
12,4,6,4,130
12,4,6,5,140
12,4,7,1,197
12,4,7,2,188
12,4,7,3,128
12,4,7,4,334
12,4,7,5,69
12,4,8,1,8
12,4,8,2,63
12,4,8,3,29
12,4,8,4,208
12,4,8,5,132
12,4,9,1,383
12,4,9,2,19
12,4,9,3,299
12,4,9,4,189
12,4,9,5,336
12,4,10,1,393
12,4,10,2,193
12,4,10,3,386
12,4,10,4,309
12,4,10,5,114
12,5,1,1,46
12,5,1,2,370
12,5,1,3,108
12,5,1,4,207
12,5,1,5,101
12,5,2,1,43
12,5,2,2,390
12,5,2,3,390
12,5,2,4,147
12,5,2,5,189
12,5,3,1,321
12,5,3,2,396
12,5,3,3,299
12,5,3,4,357
12,5,3,5,396
12,5,4,1,157
12,5,4,2,245
12,5,4,3,132
12,5,4,4,48
12,5,4,5,172
12,5,5,1,326
12,5,5,2,51
12,5,5,3,241
12,5,5,4,40
12,5,5,5,253
12,5,6,1,70
12,5,6,2,152
12,5,6,3,98
12,5,6,4,278
12,5,6,5,53
12,5,7,1,121
12,5,7,2,323
12,5,7,3,314
12,5,7,4,208
12,5,7,5,5
12,5,8,1,334
12,5,8,2,260
12,5,8,3,384
12,5,8,4,232
12,5,8,5,314
12,5,9,1,263
12,5,9,2,398
12,5,9,3,7
12,5,9,4,65
12,5,9,5,274
12,5,10,1,163
12,5,10,2,395
12,5,10,3,124
12,5,10,4,89
12,5,10,5,106
12,6,1,1,220
12,6,1,2,328
12,6,1,3,275
12,6,1,4,146
12,6,1,5,173
12,6,2,1,241
12,6,2,2,208
12,6,2,3,48
12,6,2,4,189
12,6,2,5,320
12,6,3,1,167
12,6,3,2,254
12,6,3,3,187
12,6,3,4,50
12,6,3,5,292
12,6,4,1,15
12,6,4,2,180
12,6,4,3,59
12,6,4,4,243
12,6,4,5,320
12,6,5,1,208
12,6,5,2,210
12,6,5,3,375
12,6,5,4,276
12,6,5,5,309
12,6,6,1,157
12,6,6,2,109
12,6,6,3,40
12,6,6,4,68
12,6,6,5,123
12,6,7,1,111
12,6,7,2,20
12,6,7,3,70
12,6,7,4,264
12,6,7,5,262
12,6,8,1,59
12,6,8,2,363
12,6,8,3,204
12,6,8,4,148
12,6,8,5,46
12,6,9,1,333
12,6,9,2,244
12,6,9,3,287
12,6,9,4,148
12,6,9,5,79
12,6,10,1,288
12,6,10,2,267
12,6,10,3,341
12,6,10,4,389
12,6,10,5,15
13,1,1,1,297
13,1,1,2,348
13,1,1,3,295
13,1,1,4,314
13,1,1,5,168
13,1,2,1,317
13,1,2,2,92
13,1,2,3,163
13,1,2,4,61
13,1,2,5,145
13,1,3,1,345
13,1,3,2,198
13,1,3,3,154
13,1,3,4,245
13,1,3,5,345
13,1,4,1,330
13,1,4,2,128
13,1,4,3,242
13,1,4,4,102
13,1,4,5,286
13,1,5,1,19
13,1,5,2,256
13,1,5,3,312
13,1,5,4,97
13,1,5,5,288
13,1,6,1,177
13,1,6,2,44
13,1,6,3,389
13,1,6,4,348
13,1,6,5,170
13,1,7,1,72
13,1,7,2,249
13,1,7,3,385
13,1,7,4,84
13,1,7,5,299
13,1,8,1,344
13,1,8,2,176
13,1,8,3,146
13,1,8,4,225
13,1,8,5,145
13,1,9,1,199
13,1,9,2,296
13,1,9,3,340
13,1,9,4,209
13,1,9,5,249
13,1,10,1,19
13,1,10,2,201
13,1,10,3,245
13,1,10,4,393
13,1,10,5,374
13,2,1,1,184
13,2,1,2,356
13,2,1,3,120
13,2,1,4,139
13,2,1,5,144
13,2,2,1,325
13,2,2,2,252
13,2,2,3,28
13,2,2,4,74
13,2,2,5,168
13,2,3,1,241
13,2,3,2,14
13,2,3,3,272
13,2,3,4,333
13,2,3,5,112
13,2,4,1,90
13,2,4,2,330
13,2,4,3,365
13,2,4,4,117
13,2,4,5,46
13,2,5,1,255
13,2,5,2,144
13,2,5,3,376
13,2,5,4,317
13,2,5,5,15
13,2,6,1,154
13,2,6,2,112
13,2,6,3,276
13,2,6,4,108
13,2,6,5,268
13,2,7,1,348
13,2,7,2,29
13,2,7,3,392
13,2,7,4,292
13,2,7,5,330
13,2,8,1,23
13,2,8,2,131
13,2,8,3,18
13,2,8,4,210
13,2,8,5,31
13,2,9,1,283
13,2,9,2,73
13,2,9,3,390
13,2,9,4,366
13,2,9,5,199
13,2,10,1,307
13,2,10,2,224
13,2,10,3,326
13,2,10,4,7
13,2,10,5,366
13,3,1,1,96
13,3,1,2,137
13,3,1,3,62
13,3,1,4,345
13,3,1,5,111
13,3,2,1,350
13,3,2,2,56
13,3,2,3,156
13,3,2,4,193
13,3,2,5,241
13,3,3,1,62
13,3,3,2,98
13,3,3,3,163
13,3,3,4,6
13,3,3,5,88
13,3,4,1,379
13,3,4,2,276
13,3,4,3,38
13,3,4,4,274
13,3,4,5,5
13,3,5,1,78
13,3,5,2,252
13,3,5,3,359
13,3,5,4,331
13,3,5,5,128
13,3,6,1,37
13,3,6,2,304
13,3,6,3,333
13,3,6,4,341
13,3,6,5,394
13,3,7,1,357
13,3,7,2,318
13,3,7,3,288
13,3,7,4,147
13,3,7,5,329
13,3,8,1,13
13,3,8,2,309
13,3,8,3,26
13,3,8,4,122
13,3,8,5,243
13,3,9,1,216
13,3,9,2,313
13,3,9,3,14
13,3,9,4,209
13,3,9,5,245
13,3,10,1,201
13,3,10,2,302
13,3,10,3,92
13,3,10,4,134
13,3,10,5,227
13,4,1,1,228
13,4,1,2,129
13,4,1,3,220
13,4,1,4,116
13,4,1,5,128
13,4,2,1,54
13,4,2,2,113
13,4,2,3,273
13,4,2,4,237
13,4,2,5,258
13,4,3,1,61
13,4,3,2,300
13,4,3,3,341
13,4,3,4,226
13,4,3,5,269
13,4,4,1,375
13,4,4,2,52
13,4,4,3,363
13,4,4,4,195
13,4,4,5,68
13,4,5,1,177
13,4,5,2,11
13,4,5,3,97
13,4,5,4,264
13,4,5,5,200
13,4,6,1,194
13,4,6,2,343
13,4,6,3,278
13,4,6,4,29
13,4,6,5,239
13,4,7,1,343
13,4,7,2,299
13,4,7,3,46
13,4,7,4,86
13,4,7,5,98
13,4,8,1,150
13,4,8,2,10
13,4,8,3,77
13,4,8,4,41
13,4,8,5,99
13,4,9,1,61
13,4,9,2,218
13,4,9,3,179
13,4,9,4,390
13,4,9,5,293
13,4,10,1,368
13,4,10,2,57
13,4,10,3,205
13,4,10,4,158
13,4,10,5,159
13,5,1,1,338
13,5,1,2,260
13,5,1,3,32
13,5,1,4,62
13,5,1,5,202
13,5,2,1,55
13,5,2,2,157
13,5,2,3,286
13,5,2,4,308
13,5,2,5,370
13,5,3,1,381
13,5,3,2,14
13,5,3,3,101
13,5,3,4,225
13,5,3,5,281
13,5,4,1,324
13,5,4,2,166
13,5,4,3,295
13,5,4,4,336
13,5,4,5,60
13,5,5,1,255
13,5,5,2,158
13,5,5,3,69
13,5,5,4,114
13,5,5,5,127
13,5,6,1,6
13,5,6,2,368
13,5,6,3,234
13,5,6,4,70
13,5,6,5,270
13,5,7,1,63
13,5,7,2,303
13,5,7,3,353
13,5,7,4,257
13,5,7,5,93
13,5,8,1,255
13,5,8,2,24
13,5,8,3,18
13,5,8,4,257
13,5,8,5,377
13,5,9,1,13
13,5,9,2,297
13,5,9,3,74
13,5,9,4,250
13,5,9,5,180
13,5,10,1,354
13,5,10,2,171
13,5,10,3,79
13,5,10,4,144
13,5,10,5,318
13,6,1,1,191
13,6,1,2,304
13,6,1,3,320
13,6,1,4,167
13,6,1,5,161
13,6,2,1,168
13,6,2,2,222
13,6,2,3,144
13,6,2,4,266
13,6,2,5,359
13,6,3,1,229
13,6,3,2,399
13,6,3,3,398
13,6,3,4,326
13,6,3,5,44
13,6,4,1,323
13,6,4,2,125
13,6,4,3,33
13,6,4,4,370
13,6,4,5,358
13,6,5,1,13
13,6,5,2,140
13,6,5,3,167
13,6,5,4,363
13,6,5,5,270
13,6,6,1,9
13,6,6,2,114
13,6,6,3,54
13,6,6,4,206
13,6,6,5,281
13,6,7,1,156
13,6,7,2,199
13,6,7,3,0
13,6,7,4,348
13,6,7,5,138
13,6,8,1,207
13,6,8,2,367
13,6,8,3,4
13,6,8,4,114
13,6,8,5,379
13,6,9,1,229
13,6,9,2,305
13,6,9,3,311
13,6,9,4,36
13,6,9,5,162
13,6,10,1,394
13,6,10,2,399
13,6,10,3,99
13,6,10,4,220
13,6,10,5,182
14,1,1,1,25
14,1,1,2,218
14,1,1,3,108
14,1,1,4,71
14,1,1,5,355
14,1,2,1,265
14,1,2,2,330
14,1,2,3,380
14,1,2,4,18
14,1,2,5,14
14,1,3,1,355
14,1,3,2,168
14,1,3,3,196
14,1,3,4,349
14,1,3,5,149
14,1,4,1,265
14,1,4,2,157
14,1,4,3,399
14,1,4,4,188
14,1,4,5,70
14,1,5,1,141
14,1,5,2,309
14,1,5,3,308
14,1,5,4,59
14,1,5,5,362
14,1,6,1,20
14,1,6,2,152
14,1,6,3,308
14,1,6,4,45
14,1,6,5,132
14,1,7,1,196
14,1,7,2,191
14,1,7,3,7
14,1,7,4,125
14,1,7,5,273
14,1,8,1,95
14,1,8,2,181
14,1,8,3,251
14,1,8,4,22
14,1,8,5,249
14,1,9,1,41
14,1,9,2,171
14,1,9,3,215
14,1,9,4,275
14,1,9,5,35
14,1,10,1,32
14,1,10,2,328
14,1,10,3,33
14,1,10,4,327
14,1,10,5,207
14,2,1,1,234
14,2,1,2,140
14,2,1,3,377
14,2,1,4,85
14,2,1,5,260
14,2,2,1,356
14,2,2,2,212
14,2,2,3,69
14,2,2,4,33
14,2,2,5,243
14,2,3,1,109
14,2,3,2,122
14,2,3,3,317
14,2,3,4,130
14,2,3,5,2
14,2,4,1,182
14,2,4,2,296
14,2,4,3,395
14,2,4,4,110
14,2,4,5,197
14,2,5,1,19
14,2,5,2,23
14,2,5,3,241
14,2,5,4,328
14,2,5,5,338
14,2,6,1,131
14,2,6,2,322
14,2,6,3,293
14,2,6,4,219
14,2,6,5,320
14,2,7,1,200
14,2,7,2,211
14,2,7,3,149
14,2,7,4,22
14,2,7,5,288
14,2,8,1,8
14,2,8,2,360
14,2,8,3,54
14,2,8,4,55
14,2,8,5,77
14,2,9,1,353
14,2,9,2,380
14,2,9,3,137
14,2,9,4,311
14,2,9,5,221
14,2,10,1,150
14,2,10,2,329
14,2,10,3,398
14,2,10,4,152
14,2,10,5,234
14,3,1,1,373
14,3,1,2,253
14,3,1,3,353
14,3,1,4,262
14,3,1,5,127
14,3,2,1,100
14,3,2,2,94
14,3,2,3,345
14,3,2,4,8
14,3,2,5,37
14,3,3,1,379
14,3,3,2,96
14,3,3,3,213
14,3,3,4,0
14,3,3,5,104
14,3,4,1,75
14,3,4,2,242
14,3,4,3,304
14,3,4,4,55
14,3,4,5,325
14,3,5,1,255
14,3,5,2,145
14,3,5,3,180
14,3,5,4,281
14,3,5,5,4
14,3,6,1,258
14,3,6,2,150
14,3,6,3,372
14,3,6,4,335
14,3,6,5,108
14,3,7,1,365
14,3,7,2,121
14,3,7,3,272
14,3,7,4,6
14,3,7,5,378
14,3,8,1,343
14,3,8,2,34
14,3,8,3,378
14,3,8,4,377
14,3,8,5,285
14,3,9,1,30
14,3,9,2,222
14,3,9,3,63
14,3,9,4,312
14,3,9,5,276
14,3,10,1,312
14,3,10,2,114
14,3,10,3,129
14,3,10,4,349
14,3,10,5,110
14,4,1,1,57
14,4,1,2,187
14,4,1,3,80
14,4,1,4,377
14,4,1,5,361
14,4,2,1,198
14,4,2,2,72
14,4,2,3,218
14,4,2,4,20
14,4,2,5,286
14,4,3,1,163
14,4,3,2,313
14,4,3,3,215
14,4,3,4,239
14,4,3,5,189
14,4,4,1,92
14,4,4,2,101
14,4,4,3,11
14,4,4,4,33
14,4,4,5,232
14,4,5,1,320
14,4,5,2,29
14,4,5,3,47
14,4,5,4,334
14,4,5,5,233
14,4,6,1,226
14,4,6,2,1
14,4,6,3,308
14,4,6,4,353
14,4,6,5,260
14,4,7,1,18
14,4,7,2,397
14,4,7,3,339
14,4,7,4,14
14,4,7,5,299
14,4,8,1,294
14,4,8,2,247
14,4,8,3,46
14,4,8,4,379
14,4,8,5,311
14,4,9,1,47
14,4,9,2,314
14,4,9,3,120
14,4,9,4,307
14,4,9,5,206
14,4,10,1,0
14,4,10,2,302
14,4,10,3,326
14,4,10,4,235
14,4,10,5,75
14,5,1,1,231
14,5,1,2,390
14,5,1,3,63
14,5,1,4,397
14,5,1,5,318
14,5,2,1,271
14,5,2,2,71
14,5,2,3,203
14,5,2,4,50
14,5,2,5,392
14,5,3,1,387
14,5,3,2,88
14,5,3,3,45
14,5,3,4,141
14,5,3,5,300
14,5,4,1,169
14,5,4,2,260
14,5,4,3,335
14,5,4,4,3
14,5,4,5,120
14,5,5,1,220
14,5,5,2,104
14,5,5,3,317
14,5,5,4,242
14,5,5,5,140
14,5,6,1,315
14,5,6,2,327
14,5,6,3,173
14,5,6,4,308
14,5,6,5,355
14,5,7,1,171
14,5,7,2,46
14,5,7,3,87
14,5,7,4,62
14,5,7,5,225
14,5,8,1,252
14,5,8,2,201
14,5,8,3,84
14,5,8,4,265
14,5,8,5,214
14,5,9,1,294
14,5,9,2,387
14,5,9,3,240
14,5,9,4,388
14,5,9,5,330
14,5,10,1,208
14,5,10,2,372
14,5,10,3,399
14,5,10,4,15
14,5,10,5,93
14,6,1,1,101
14,6,1,2,275
14,6,1,3,23
14,6,1,4,104
14,6,1,5,286
14,6,2,1,119
14,6,2,2,353
14,6,2,3,184
14,6,2,4,220
14,6,2,5,82
14,6,3,1,254
14,6,3,2,204
14,6,3,3,318
14,6,3,4,15
14,6,3,5,392
14,6,4,1,77
14,6,4,2,94
14,6,4,3,313
14,6,4,4,396
14,6,4,5,68
14,6,5,1,90
14,6,5,2,385
14,6,5,3,150
14,6,5,4,377
14,6,5,5,216
14,6,6,1,240
14,6,6,2,91
14,6,6,3,298
14,6,6,4,340
14,6,6,5,369
14,6,7,1,137
14,6,7,2,130
14,6,7,3,318
14,6,7,4,100
14,6,7,5,39
14,6,8,1,78
14,6,8,2,307
14,6,8,3,90
14,6,8,4,344
14,6,8,5,280
14,6,9,1,291
14,6,9,2,392
14,6,9,3,117
14,6,9,4,248
14,6,9,5,378
14,6,10,1,15
14,6,10,2,331
14,6,10,3,192
14,6,10,4,52
14,6,10,5,144
15,1,1,1,13
15,1,1,2,80
15,1,1,3,69
15,1,1,4,251
15,1,1,5,316
15,1,2,1,284
15,1,2,2,35
15,1,2,3,161
15,1,2,4,170
15,1,2,5,185
15,1,3,1,197
15,1,3,2,123
15,1,3,3,78
15,1,3,4,285
15,1,3,5,273
15,1,4,1,379
15,1,4,2,338
15,1,4,3,398
15,1,4,4,225
15,1,4,5,308
15,1,5,1,297
15,1,5,2,190
15,1,5,3,94
15,1,5,4,353
15,1,5,5,89
15,1,6,1,263
15,1,6,2,21
15,1,6,3,299
15,1,6,4,389
15,1,6,5,99
15,1,7,1,373
15,1,7,2,127
15,1,7,3,170
15,1,7,4,134
15,1,7,5,387
15,1,8,1,323
15,1,8,2,8
15,1,8,3,396
15,1,8,4,27
15,1,8,5,44
15,1,9,1,32
15,1,9,2,92
15,1,9,3,256
15,1,9,4,251
15,1,9,5,111
15,1,10,1,201
15,1,10,2,216
15,1,10,3,201
15,1,10,4,51
15,1,10,5,352
15,2,1,1,194
15,2,1,2,117
15,2,1,3,256
15,2,1,4,239
15,2,1,5,325
15,2,2,1,393
15,2,2,2,257
15,2,2,3,33
15,2,2,4,162
15,2,2,5,47
15,2,3,1,313
15,2,3,2,299
15,2,3,3,87
15,2,3,4,168
15,2,3,5,142
15,2,4,1,359
15,2,4,2,292
15,2,4,3,193
15,2,4,4,190
15,2,4,5,125
15,2,5,1,160
15,2,5,2,79
15,2,5,3,155
15,2,5,4,219
15,2,5,5,348
15,2,6,1,346
15,2,6,2,215
15,2,6,3,10
15,2,6,4,16
15,2,6,5,329
15,2,7,1,165
15,2,7,2,47
15,2,7,3,246
15,2,7,4,241
15,2,7,5,174
15,2,8,1,205
15,2,8,2,12
15,2,8,3,302
15,2,8,4,132
15,2,8,5,84
15,2,9,1,177
15,2,9,2,181
15,2,9,3,287
15,2,9,4,314
15,2,9,5,127
15,2,10,1,169
15,2,10,2,22
15,2,10,3,181
15,2,10,4,350
15,2,10,5,187
15,3,1,1,190
15,3,1,2,265
15,3,1,3,376
15,3,1,4,292
15,3,1,5,188
15,3,2,1,355
15,3,2,2,22
15,3,2,3,380
15,3,2,4,109
15,3,2,5,56
15,3,3,1,113
15,3,3,2,78
15,3,3,3,195
15,3,3,4,202
15,3,3,5,69
15,3,4,1,76
15,3,4,2,14
15,3,4,3,178
15,3,4,4,240
15,3,4,5,258
15,3,5,1,400
15,3,5,2,319
15,3,5,3,81
15,3,5,4,264
15,3,5,5,181
15,3,6,1,282
15,3,6,2,342
15,3,6,3,49
15,3,6,4,177
15,3,6,5,160
15,3,7,1,22
15,3,7,2,43
15,3,7,3,353
15,3,7,4,27
15,3,7,5,231
15,3,8,1,161
15,3,8,2,91
15,3,8,3,321
15,3,8,4,137
15,3,8,5,59
15,3,9,1,220
15,3,9,2,315
15,3,9,3,188
15,3,9,4,345
15,3,9,5,33
15,3,10,1,356
15,3,10,2,21
15,3,10,3,394
15,3,10,4,81
15,3,10,5,60
15,4,1,1,265
15,4,1,2,39
15,4,1,3,136
15,4,1,4,310
15,4,1,5,167
15,4,2,1,308
15,4,2,2,131
15,4,2,3,7
15,4,2,4,89
15,4,2,5,271
15,4,3,1,129
15,4,3,2,223
15,4,3,3,376
15,4,3,4,263
15,4,3,5,203
15,4,4,1,265
15,4,4,2,86
15,4,4,3,225
15,4,4,4,7
15,4,4,5,33
15,4,5,1,49
15,4,5,2,120
15,4,5,3,118
15,4,5,4,83
15,4,5,5,64
15,4,6,1,251
15,4,6,2,71
15,4,6,3,312
15,4,6,4,260
15,4,6,5,185
15,4,7,1,387
15,4,7,2,186
15,4,7,3,126
15,4,7,4,337
15,4,7,5,381
15,4,8,1,340
15,4,8,2,26
15,4,8,3,185
15,4,8,4,388
15,4,8,5,245
15,4,9,1,239
15,4,9,2,240
15,4,9,3,146
15,4,9,4,161
15,4,9,5,198
15,4,10,1,167
15,4,10,2,106
15,4,10,3,212
15,4,10,4,253
15,4,10,5,372
15,5,1,1,47
15,5,1,2,100
15,5,1,3,239
15,5,1,4,359
15,5,1,5,266
15,5,2,1,7
15,5,2,2,395
15,5,2,3,346
15,5,2,4,19
15,5,2,5,12
15,5,3,1,255
15,5,3,2,390
15,5,3,3,57
15,5,3,4,216
15,5,3,5,145
15,5,4,1,3
15,5,4,2,296
15,5,4,3,154
15,5,4,4,303
15,5,4,5,199
15,5,5,1,304
15,5,5,2,172
15,5,5,3,239
15,5,5,4,333
15,5,5,5,241
15,5,6,1,219
15,5,6,2,62
15,5,6,3,343
15,5,6,4,201
15,5,6,5,158
15,5,7,1,148
15,5,7,2,221
15,5,7,3,117
15,5,7,4,287
15,5,7,5,268
15,5,8,1,398
15,5,8,2,74
15,5,8,3,171
15,5,8,4,7
15,5,8,5,242
15,5,9,1,96
15,5,9,2,378
15,5,9,3,242
15,5,9,4,95
15,5,9,5,23
15,5,10,1,243
15,5,10,2,318
15,5,10,3,283
15,5,10,4,389
15,5,10,5,334
15,6,1,1,208
15,6,1,2,385
15,6,1,3,74
15,6,1,4,72
15,6,1,5,252
15,6,2,1,332
15,6,2,2,8
15,6,2,3,85
15,6,2,4,193
15,6,2,5,282
15,6,3,1,285
15,6,3,2,247
15,6,3,3,98
15,6,3,4,213
15,6,3,5,25
15,6,4,1,102
15,6,4,2,194
15,6,4,3,337
15,6,4,4,68
15,6,4,5,213
15,6,5,1,87
15,6,5,2,383
15,6,5,3,256
15,6,5,4,285
15,6,5,5,110
15,6,6,1,296
15,6,6,2,15
15,6,6,3,69
15,6,6,4,373
15,6,6,5,133
15,6,7,1,111
15,6,7,2,95
15,6,7,3,321
15,6,7,4,263
15,6,7,5,261
15,6,8,1,390
15,6,8,2,12
15,6,8,3,158
15,6,8,4,77
15,6,8,5,283
15,6,9,1,397
15,6,9,2,157
15,6,9,3,190
15,6,9,4,178
15,6,9,5,133
15,6,10,1,56
15,6,10,2,102
15,6,10,3,286
15,6,10,4,181
15,6,10,5,395
